{
 "manifest": {
  "$BASE_DIR": "${configdir}",
  "$NETWORK_DIR": "$BASE_DIR/network",
  "$COMPONENTS_DIR": "$BASE_DIR/components"
 },
 "components": {
  "mechanisms_dir": "$COMPONENTS_DIR/mechanisms",
  "filter_models_dir": "$COMPONENTS_DIR/filter_models",
  "morphologies_dir": "$COMPONENTS_DIR/morphologies",
  "__pycache___dir": "$COMPONENTS_DIR/__pycache__",
  "synaptic_models_dir": "$COMPONENTS_DIR/synaptic_models",
  "biophysical_neuron_models_dir": "$COMPONENTS_DIR/biophysical_neuron_models",
  "templates_dir": "$COMPONENTS_DIR/templates",
  "point_neuron_models_dir": "$COMPONENTS_DIR/point_neuron_models"
 },
 "networks": {
  "nodes": [
   {
    "node_types_file": "$NETWORK_DIR/PING-Assembly_node_types.csv",
    "nodes_file": "$NETWORK_DIR/PING-Assembly_nodes.h5"
   }
  ],
  "edges": [
   {
    "edge_types_file": "$NETWORK_DIR/PING-Assembly_PING-Assembly_edge_types.csv",
    "edges_file": "$NETWORK_DIR/PING-Assembly_PING-Assembly_edges.h5"
   }
  ],
  "gap_juncs": [],
  "node_ranks": {
   "0": [
    131,
    203,
    50,
    585,
    138,
    632,
    328,
    461,
    924,
    479,
    195,
    221,
    209,
    378,
    156,
    327,
    761,
    320,
    274,
    417,
    372,
    299,
    229,
    896,
    594,
    983,
    736,
    85,
    882,
    7,
    722,
    43,
    566,
    317,
    874,
    743,
    353,
    145,
    346,
    590,
    771,
    336,
    633,
    310,
    693,
    691,
    338,
    901,
    318,
    352,
    161,
    542,
    786,
    917,
    387,
    196,
    648,
    167,
    597,
    392,
    803,
    536,
    172,
    830,
    182,
    702,
    784,
    613,
    965,
    171,
    345,
    822,
    877,
    147,
    548,
    642,
    971,
    934,
    184,
    607,
    437,
    266,
    808,
    447,
    713,
    114,
    656,
    985,
    426,
    5,
    640,
    986,
    932,
    41,
    134,
    938,
    814,
    994,
    805,
    558,
    875,
    933,
    861,
    868,
    792,
    928,
    246,
    764,
    939,
    48,
    828,
    616,
    316,
    446,
    313,
    416,
    571,
    921,
    103,
    541,
    891,
    660,
    35,
    869,
    916,
    102,
    791,
    52,
    200,
    4,
    953,
    453,
    714,
    476,
    470,
    599,
    646,
    235,
    793,
    972,
    298,
    856,
    261,
    57,
    164,
    758,
    696,
    55,
    966,
    28,
    923,
    188,
    669,
    688,
    375,
    798,
    308,
    54,
    117,
    692,
    204,
    898,
    303,
    260,
    31,
    485,
    859,
    36,
    162,
    482,
    807,
    845,
    835,
    922,
    744,
    384,
    749,
    100,
    689,
    226,
    456,
    397,
    674,
    267,
    373,
    677,
    931,
    185,
    335,
    811,
    388,
    78,
    769,
    751,
    344,
    79,
    177,
    657,
    210,
    381,
    512,
    685,
    997,
    927,
    376,
    788,
    91,
    170,
    584,
    90,
    75,
    747,
    969,
    368,
    893,
    529,
    870,
    97,
    897,
    272,
    881,
    936,
    270,
    708,
    483,
    610,
    431,
    754,
    729,
    279,
    13,
    943,
    395,
    810,
    74,
    239,
    275,
    505,
    236,
    59,
    920,
    500,
    967,
    151,
    249,
    653,
    11,
    252,
    521,
    227,
    894,
    941,
    285,
    462,
    370,
    95,
    621,
    415,
    716,
    291,
    273,
    935,
    801,
    444,
    280,
    269,
    343,
    802,
    406,
    363,
    107,
    522,
    799,
    739,
    348,
    396,
    709,
    294,
    995,
    968,
    671,
    351,
    958,
    367,
    421,
    752,
    237,
    809,
    778,
    903,
    914,
    887,
    946,
    723,
    240,
    556,
    598,
    458,
    586,
    178,
    498,
    243,
    314,
    202,
    300,
    682,
    230,
    306,
    166,
    620,
    724,
    263,
    326,
    232,
    150,
    469,
    132,
    9,
    254,
    952,
    379,
    581,
    82,
    64,
    767,
    369,
    528,
    449,
    119,
    773,
    777,
    664,
    518,
    110,
    704,
    960,
    979,
    711,
    121,
    712,
    543,
    478,
    623,
    492,
    678,
    858,
    399,
    40,
    710,
    217,
    307,
    523,
    820,
    157,
    250,
    124,
    974,
    329,
    349,
    785,
    463,
    169,
    374,
    918,
    524,
    34,
    854,
    309,
    760,
    163,
    159,
    287,
    183,
    605,
    457,
    567,
    21,
    735,
    776,
    283,
    871,
    970,
    721,
    561,
    160,
    425,
    120,
    389,
    127,
    491,
    753,
    80,
    774,
    517,
    804,
    838,
    148,
    192,
    22,
    181,
    429,
    175,
    733,
    122,
    857,
    950,
    982,
    849,
    863,
    212,
    66,
    580,
    284,
    190,
    84,
    242,
    652,
    547,
    155,
    331,
    883,
    356,
    840,
    902,
    101,
    228,
    282,
    670,
    797,
    987,
    959,
    545,
    94,
    430,
    864,
    278,
    757,
    565,
    245,
    332,
    534,
    568,
    448,
    948,
    289,
    578,
    142,
    511,
    499,
    937,
    684,
    292,
    452,
    45,
    527,
    787,
    698,
    813,
    839,
    560,
    831,
    930,
    26,
    362,
    268,
    63,
    993,
    553,
    973,
    33,
    546,
    850,
    617,
    118,
    15,
    538,
    42,
    654,
    730,
    427,
    174,
    719,
    643,
    591,
    455,
    734,
    93,
    909,
    311,
    487,
    554,
    770,
    531,
    153,
    116,
    667,
    408,
    468,
    989,
    443
   ],
   "1": [
    694,
    848,
    18,
    23,
    276,
    30,
    725,
    0,
    72,
    783,
    756,
    641,
    435,
    525,
    913,
    115,
    508,
    32,
    700,
    676,
    38,
    24,
    668,
    199,
    205,
    626,
    532,
    925,
    258,
    905,
    264,
    614,
    991,
    295,
    659,
    675,
    105,
    71,
    234,
    347,
    683,
    402,
    834,
    520,
    509,
    603,
    49,
    386,
    302,
    179,
    201,
    738,
    644,
    231,
    450,
    908,
    795,
    800,
    818,
    600,
    297,
    690,
    587,
    125,
    732,
    551,
    876,
    20,
    825,
    748,
    277,
    577,
    256,
    398,
    984,
    211,
    650,
    89,
    404,
    191,
    624,
    666,
    844,
    474,
    949,
    728,
    27,
    223,
    216,
    248,
    189,
    892,
    391,
    70,
    872,
    533,
    977,
    687,
    706,
    219,
    233,
    414,
    288,
    832,
    701,
    366,
    514,
    947,
    619,
    827,
    564,
    637,
    606,
    333,
    699,
    104,
    128,
    853,
    563,
    978,
    241,
    672,
    6,
    655,
    403,
    821,
    549,
    662,
    663,
    61,
    526,
    445,
    62,
    37,
    833,
    625,
    705,
    165,
    618,
    727,
    888,
    550,
    779,
    400,
    879,
    602,
    12,
    926,
    697,
    439,
    286,
    144,
    715,
    593,
    413,
    775,
    726,
    477,
    703,
    794,
    25,
    589,
    81,
    361,
    133,
    1,
    741,
    19,
    29,
    334,
    501,
    963,
    583,
    350,
    83,
    495,
    330,
    53,
    999,
    173,
    436,
    488,
    570,
    852,
    915,
    890,
    466,
    940,
    851,
    423,
    980,
    149,
    516,
    218,
    961,
    494,
    639,
    464,
    143,
    126,
    152,
    238,
    592,
    629,
    535,
    880,
    247,
    573,
    108,
    383,
    337,
    975,
    604,
    44,
    601,
    405,
    796,
    506,
    324,
    889,
    168,
    137,
    422,
    220,
    679,
    225,
    454,
    519,
    847,
    627,
    579,
    355,
    772,
    136,
    746,
    855,
    900,
    912,
    955,
    816,
    906,
    293,
    944,
    910,
    731,
    740,
    10,
    962,
    540,
    251,
    207,
    393,
    636,
    69,
    673,
    194,
    649,
    572,
    829,
    112,
    325,
    612,
    312,
    432,
    502,
    341,
    718,
    611,
    886,
    507,
    622,
    441,
    281,
    407,
    187,
    442,
    634,
    789,
    459,
    92,
    410,
    651,
    707,
    574,
    981,
    503,
    686,
    475,
    904,
    557,
    658,
    130,
    911,
    562,
    609,
    197,
    215,
    750,
    841,
    992,
    895,
    481,
    575,
    471,
    440,
    907,
    681,
    759,
    257,
    763,
    428,
    781,
    956,
    497,
    635,
    490,
    665,
    460,
    76,
    552,
    878,
    884,
    65,
    919,
    206,
    8,
    77,
    866,
    58,
    762,
    472,
    424,
    377,
    480,
    496,
    631,
    964,
    319,
    364,
    412,
    141,
    88,
    647,
    819,
    812,
    323,
    766,
    321,
    60,
    486,
    836,
    385,
    419,
    768,
    433,
    301,
    976,
    296,
    315,
    929,
    46,
    86,
    109,
    360,
    645,
    16,
    493,
    815,
    193,
    954,
    628,
    867,
    842,
    401,
    806,
    539,
    438,
    140,
    198,
    467,
    14,
    87,
    265,
    262,
    222,
    755,
    259,
    3,
    354,
    489,
    615,
    473,
    661,
    139,
    67,
    515,
    342,
    56,
    304,
    745,
    885,
    51,
    513,
    465,
    530,
    780,
    305,
    824,
    434,
    537,
    695,
    357,
    186,
    555,
    129,
    359,
    244,
    255,
    782,
    390,
    720,
    154,
    371,
    998,
    582,
    951,
    158,
    765,
    945,
    271,
    484,
    146,
    717,
    790,
    394,
    826,
    418,
    843,
    576,
    837,
    990,
    899,
    680,
    588,
    290,
    411,
    862,
    630,
    213,
    865,
    358,
    180,
    860,
    380,
    99,
    873,
    135,
    176,
    957,
    504,
    559,
    596,
    996,
    39,
    340,
    2,
    451,
    823,
    817,
    68,
    208,
    608,
    420,
    253,
    846,
    339,
    409,
    111,
    224,
    942,
    544,
    73,
    47,
    638,
    113,
    96,
    737,
    214,
    569,
    123,
    106,
    595,
    17,
    742,
    98,
    988,
    322,
    382,
    365,
    510
   ]
  }
 }
}