-2.54934274141476,-3.01533882931884,-2.6878463796061,-2.83620927210188,-2.28817905853089,-2.26895076628571,-1.26790484628808,-1.10910315815153,-1.17549645023917,-1.59778965635951,-1.25623832299846,-0.834259185193986,-0.843363807456768,-1.17381752919994,-0.589016276093531,-0.756860127124497,-0.356253772045193,-0.328553633588456,-0.0196641385655028,-0.311478313240912,0.319112342570406,0.522355162440675,-0.296694716076786,0.376016998691057,0.234133633995697
-0.18824681743726,0.374347680633321,-0.250275108872472,-0.0622912251198215,-0.597290092104203,-1.0716710345134,-0.800496949643588,-1.12252880282114,-0.117720586235947,-0.654486098860161,-0.597895025901721,-0.334424752738698,-0.343924919150311,-0.348547985804004,-0.954851421033908,-1.42116158847708,-1.50816381616275,-1.74713050099493,-0.878754342069271,-0.284903049102326,-0.195247264144285,-0.431915355810588,0.633924857243557,0.0826025254151546,0.357306612922258
0.4783031017013,0.255475477390092,0.636338480787515,0.452572436356547,0.81562404007289,0.624663921519897,0.442746055520956,1.06460874866511,0.688538557737047,0.68315880755236,0.573944737539932,0.465604047878998,0.842565669092039,-0.0199700633674524,0.0978901221501758,0.496455406798106,0.121582252097511,1.23329563142764,0.979626139552153,0.489086016337581,0.30677830926038,0.548284936763025,-0.448082488473375,-0.544846182008001,-0.353177533015668
0.927222070519861,0.586373800357535,1.4567921487079,1.03171416765343,1.45463946856722,1.31979992830773,0.246999124886173,-0.0369256402948963,-0.158627881480157,0.595552071849028,0.0695480544883367,-0.172173334442903,0.11537000463241,-0.0142118973487584,0.00882592078792754,0.474774693974496,0.175150382001959,-0.955194738065302,-1.36571190045797,-1.2504554371904,-1.7246618260223,-1.17386853677343,-1.1642165987459,-1.37841516367928,-2.69131676761174
-2.30095446933277,-1.51448469007701,-2.98903275037759,-2.51125274626099,-3.35289356879332,-3.29990643148139,-1.73586071203874,-2.25422275509752,-1.98776257696787,-4.12920450093986,-3.84089101380593,-3.48365917408952,-3.4526519677583,-4.90197959533114,-4.58516209771088,-4.06559674975054,-4.03195864736389,-1.61367544932622,-1.8466601444926,-4.09345828162679,-3.87995977762984,-4.09648663704368,-5.64272132240325,-5.19586098960548,-3.85718626763497
3.27478540101603,2.95740238602204,3.30131761691067,3.38025845176546,3.02932543622276,3.05151886364283,2.3138255982644,2.47301797516351,2.25212357261097,1.80655627699937,2.64095956623783,2.68847948988682,2.04028269023325,2.84276702997622,2.86504773571906,2.06650460468563,1.87214068002174,2.07224520797973,2.13818138368984,2.15652924589992,2.27249884457476,1.50111280219343,2.44494192240629,2.4838350488746,2.06533638152743
3.6504118204646,2.48473250553593,4.01224825542224,3.41376727342936,3.07468481412289,3.21308666252432,0.919891732917563,2.99199764602793,1.72949201250387,3.39352201482865,3.44103072332993,2.73500405059568,2.17682527144865,2.92220018469544,2.89888315728106,2.87822737522836,1.72517905909544,2.72118561408703,1.7456217647609,3.04746883320504,2.49188674311517,2.51109081872792,2.69541494461518,2.5911559263933,2.8037705316311
-2.55338612977994,-2.28493348712249,-1.80744406450546,-1.58070242416136,-0.342515528066258,-0.129714731907313,-1.61061619570705,-2.08089781564621,-1.7448934802556,-0.693626099742005,-1.18680958727271,-0.898763866761698,-0.104179596168478,0.434041211258858,0.717423954239194,1.35131540994729,2.30576257274447,-1.26879868005716,-0.631082457528549,-0.567642462109205,0.203893973598952,0.940089886125861,0.582365260494186,1.34200889662699,1.00877071606402
-0.472436117118917,-1.08893946586858,0.258730541340526,-1.04237601764422,0.367889466788029,-1.12527716204852,-1.95762950498312,-0.699410497770572,-1.60932238501718,0.51329123839335,0.0324171963115987,-1.30926323693751,-2.73467318124548,0.340650255621057,-1.07266625948867,-2.42303327426791,-0.639097626208127,-0.692479950996642,-1.73650013871134,-0.506574691284584,-1.37482495585863,-2.31199227908164,-0.422786372417363,-1.03872465530259,-1.16647325267897
0.112103337449412,-0.0525530694833662,-0.941572521232217,-1.06738213783942,-1.11731608661236,-1.34649728399742,1.31005422534838,1.09523226570283,0.620999356992286,1.50980322921578,0.343862657392748,-0.464803238510029,-0.475982731762684,0.171371647479305,-0.815291497491728,-1.17644886558631,-0.0406674804465865,1.43129495677184,1.16645100378315,1.13044879167293,0.230029666597915,-0.307426262896939,1.13406669508481,-0.120877891001811,0.930975867515542
-0.364171642858309,0.871199311262217,-0.292676225251739,0.540030502872241,0.258435220217081,0.691923333026267,-0.822318888179751,-1.62111060954936,-0.757501703221976,-0.738608610916174,-0.934232235332388,-0.551909143243506,0.370011154913442,-0.0406596315568777,-0.246098366872218,0.131079896392691,-0.054522073064561,-2.56384245112466,-2.49081218024764,-1.52212635045666,-1.79887073985435,-1.14350162970288,-0.344756701738532,-1.03882939628886,-2.73151842258963
-1.2945246397768,-1.20741145292504,-2.23428800172644,-1.98897088747046,-3.15622431638482,-2.34724632041744,1.54546049153871,0.471613232004728,0.60535134560422,-0.454101203365411,-0.285091612021006,0.163780908681787,0.508809705356242,-1.02606834885776,-0.0657204473238551,-0.00713155144080702,-0.583243079032258,1.41056998129761,1.32164846210014,1.2818813251088,1.64712857548224,1.63801374690291,1.17009867400841,1.90540205348756,2.23025043354633
1.5382505606882,0.611682791997339,1.26206714441039,1.21658858238357,1.14306747360644,1.89768614404014,0.269022131463998,0.791990854337996,0.0229788719919384,1.46502760586543,0.88509835249917,0.75159294936924,0.639289298056553,0.870130943633143,1.29399501137448,1.96903687864739,1.00791345036271,0.233820479120453,0.0236060022464812,0.617340435147099,0.575685839803867,0.836602161436019,0.525398273419654,0.697807456325506,0.600010390077955
2.97084161288362,3.48176106193395,3.68085322922042,4.63649930624618,3.49562472724011,4.66435369294504,3.05810145908694,3.91228272478878,4.4518348155448,3.28412144942115,4.70715662264107,5.71942363195808,5.44911563403451,4.42113671105244,5.74202945693676,5.81420185902294,4.39403777465836,4.38340011630768,4.47194729955967,5.10864407107977,5.79249697711055,4.62405939336097,4.44306825392638,5.64223393891064,4.98425543357797
-0.529125965275654,-0.32742472086062,-0.847114292366939,-1.08517347797527,-0.103217776296219,-0.898612498306761,0.457538074803409,0.206321180208533,0.276631473088997,0.371095008746266,0.346755517838432,-0.115465060833486,-0.912762165296385,1.02079497340793,-0.0841956060748146,-1.20713545130249,0.19636628388011,0.833957542672891,0.843521065792316,1.1898182385581,0.714413536918158,-0.399508978211543,1.43568324796098,0.426572035890928,1.0824284459776
-1.65665530056606,-1.54681053294073,-2.07954102799692,-2.26963048509344,-2.31706598056419,-2.71106180496906,-2.60975463681515,-3.06466800973377,-2.87810602399054,-3.33437893188358,-3.6618697249815,-3.44238547839939,-2.53083305191399,-3.95005006617788,-3.8076762661299,-2.70490500105973,-3.37716799925997,-4.66545139105824,-3.92738367542321,-5.20403775083901,-4.27232796468829,-2.06154749101611,-5.05192755103556,-4.21247784225869,-4.04643773359444
-0.0992917948188676,0.718212701825536,-0.518878773286701,0.131910743908577,-1.40001454569827,-0.603063117715521,1.77560545544173,0.450713300909939,1.42196928501471,-1.72769003521972,-0.762162358537466,-0.0559438797280052,-0.209665367461469,-2.12882637236811,-1.43763775944416,-1.35844511406572,-1.60265046271951,0.498382198900657,1.33884255839652,-0.98887400920907,-0.54139579226316,-0.76681642337914,-2.17230644885598,-1.90760785320666,-0.922516036365835
-0.149984854350379,0.685398564538048,0.482181763108628,1.41567357292635,0.563064087702514,1.45969333945516,0.635977485998211,1.00816382844306,1.42213890236914,0.947156725165684,1.57973864009074,2.17555610760053,2.4314527258544,1.13377044060454,1.88474203975898,2.38275314215304,0.916607956646374,1.47941338855586,1.62444820223004,1.93815500951521,2.17956846949625,2.47777605253683,1.10617138162792,1.49397930460424,1.84637646817322
-2.88646428467661,-2.80158980751582,-2.11077731958326,-2.13928001735701,-0.737859130201173,-0.728668998578883,-2.52249751092933,-3.54018534290518,-3.23300124079327,-2.08179739643103,-2.87550209399438,-3.09623828721277,-2.80944597194085,-1.69530798699532,-2.17838972135814,-2.22721445933755,-0.943689561340221,-3.36604693159052,-2.59877687166227,-2.90575141284856,-2.9340041465455,-2.41104193276402,-1.97164555946873,-2.52327516547109,-2.01649086755862
1.69203770155934,1.08187140124059,1.78012906143175,1.61992905483856,2.10655831313053,2.33289641826647,0.877507875896185,1.03055751299465,0.734121745945743,1.09111920287768,1.78546033307222,1.79357238941066,1.6455882947115,2.72645741852588,3.05630583294109,3.05531878715004,3.19839189506419,1.07341580341222,0.687362484720012,2.15789715927917,1.84900727452523,1.90772728935022,3.11814752669594,3.26148670211964,1.29652760573984
0.59016940249748,0.780336353798418,0.743529618199318,0.240208114168809,0.308142956110487,-0.323784301808331,0.468768030830063,-0.294768397360599,0.102756132741831,-0.364124492879057,-0.6084209400492,-0.724509748631334,-0.125387721033121,-1.02444339015412,-1.323521497142,-0.801036213204441,-1.43708720517401,-0.625047754765603,-0.147864134407286,-0.94392361765901,-0.806763103960975,-0.18888488683578,-1.13641683885518,-1.18565644477135,-0.287962349147847
1.84300254363242,1.55313884914,-0.3818845497089,-0.437239179506264,-1.83609643071287,-1.94485597375729,2.33457023803004,1.52950539365716,1.34698196892029,-0.130604813153639,-0.0266781683048976,-0.238216499147654,-1.0582122468852,-0.934355119253411,-1.29151023762449,-2.10788131484259,-1.57267576925696,0.87871106232555,1.000816476029,-0.0492382475174225,-0.147198538400033,-1.00571945099625,-0.439253828697844,-0.823328334538587,0.0756167215614596
-3.08198397354116,-2.31865919850674,-1.96190651166003,-1.30142072927674,-0.604044792322753,-0.614880393127009,-2.32776904725051,-2.48638602201513,-1.49411413714014,-2.48885035857515,-1.3224963878846,-0.397084324168617,0.289012289499425,-0.133107955971496,0.34403868359297,0.672853283648749,0.427010441822972,-1.70093130964969,-0.867754658270513,-1.055477937685,-0.0739755888328091,0.673037683122146,-0.497023561864694,0.547831909854182,0.0345120523749642
-0.86836140060845,-0.496671984049186,-0.917592282833255,-1.0491204442072,-0.787905601552751,-1.46061487387439,0.709027986308143,0.115903764750527,0.146438185188885,0.676002545220058,-0.223315513441605,-0.66556706542093,-0.0120770600755122,-0.468796572858622,-1.39929489276645,-0.974192210279597,-1.42342568093949,0.509779294949738,0.187390968016274,0.222263325547232,-0.329413529140396,-0.0473106112429491,-0.0413705840018679,-1.0254617588777,-0.0322891288278697
-0.678097517977079,-0.85687574944194,0.375363856470557,0.0239150592170176,0.852808687728299,0.422632395841731,-0.905353314129599,-0.82646330037079,-0.912804017609801,0.217765776485635,-0.190709572649325,-0.353262811432046,-0.769049464298774,0.437422826445328,0.155231742644474,-0.438856016460022,0.262970888738465,-0.15421503204891,-0.183177801462847,-0.115299206551668,-0.258693749994023,-0.923889133887457,0.30020333136693,-0.0784944698433492,0.618186225966099
1.12256620795287,0.487547735172996,0.185286398101766,-0.116475584636532,-0.752177950645688,-0.709019438441857,1.27755263548804,1.7413732366127,1.28010548429646,0.967142805463482,1.23427910790269,0.914431679506549,0.483413032707688,0.572834484564083,0.141486053227709,-0.254556503322732,-0.658852672436808,1.42266072759921,1.11920817638568,1.55502205710354,1.15229337293974,0.410027914016098,1.51173500596391,0.572103140471427,-0.054435723491622
1.43256238635516,1.05892465361839,1.92058608903696,1.15790114950235,2.31030109217326,1.67804727113969,1.25175242249986,0.338417663210862,0.256821353044444,-0.416143349824551,0.170473653242652,-0.13281065011887,-1.02988944698433,0.478262535523214,0.410826585405886,-0.467199572212422,1.41231735442238,-0.522775010297067,-0.450888054213664,-1.11854452160588,-0.840300211970998,-1.38023737121847,-0.954262302558135,-0.265390028828733,-0.395670189902148
0.148424404687375,1.23055091985574,-1.26587393882497,-0.157047968675982,-2.56251256827608,-1.87656099100153,-0.500487573421481,-0.645445557565608,-0.0536883743978365,-1.73672518515639,-1.93715163693415,-1.08969894204168,0.251658616584734,-3.21825770549751,-2.64927429103878,-1.47718923955364,-3.16055159534415,-1.27588971856827,-1.07744780564741,-2.54855103306789,-2.02901670675658,-0.649589269190187,-3.7786333996776,-3.36860482958161,-2.75705642895858
-0.789331287310176,-0.812384958096175,-0.908138208494762,-0.339536320923344,-0.416834686580273,0.294011411262062,-1.80266522203053,-1.34311240111791,-2.02280589558293,-0.309490112319907,-1.08018964315551,-1.36981760815829,-0.980841647657115,0.106758118201043,0.258807525300313,0.284962585060015,1.9313172127311,-1.3073534376154,-2.73253442080062,-0.695205653604432,-2.19518755844325,-2.45449931451353,0.983310283327768,-0.057137415318806,-2.70931906147555
-1.68490919774135,-2.60607451529779,-1.16041690358321,-1.78332179503897,0.44999733750609,0.314481131223459,-1.61994484386403,-1.41180157910148,-1.89956629080277,-0.0714732944303762,-1.10304584323239,-1.11523759247038,-0.119487523108091,-0.226268642957194,0.439506593183069,1.52461417121293,1.40718877944812,-0.291232649168023,-0.688251253667346,-0.232554879203718,-0.0773253268085909,0.619623885518195,-0.366895392212399,0.600081204858185,0.500922509807168
2.48707740217401,1.53507491292336,3.7132489456651,2.39029679660797,3.2559210124835,1.75176991486819,-0.841450442917335,1.64682941192973,0.639583248761113,1.69230594619293,2.58731906184087,1.73514259476761,-0.825243688642388,2.26496548484855,1.46340931175394,-0.78547146085856,0.442848153671406,-0.029168165003199,-0.821425399149661,0.646182730728498,0.657540847123983,-0.905253120531569,0.725405155377558,1.09493425211988,-0.596554751505835
-0.245336847815281,-1.58520670719102,0.220629785395801,-0.170925389092787,0.221562665795659,0.55519120474969,-1.68303861951065,0.94264234382382,-0.31352965661489,1.23243444142793,1.17533802095923,0.611537589265964,-0.281864413155006,0.631881268295416,0.56994227467257,0.13989098709942,-0.026176139318693,1.55498854277809,0.480140802630814,1.7077081934919,0.986724021073172,-0.0649161788148831,1.19158535597555,0.633616120281033,0.438534809039851
-0.144982581229556,-0.242377587748308,0.797605116814509,0.295941824777401,1.60673170376231,0.675558129418931,-0.317249400831798,-0.00300382085055162,0.0792564993334111,1.71258911177864,0.611469621097513,0.254819155235083,0.880955234564539,1.3956456229794,0.700520848809958,1.08494537094842,0.907861191032453,0.235687313379799,0.425776718896543,-0.108679457608588,-0.281698514634002,0.676182194061198,0.0848164208395019,-0.270062798009036,-0.707022573945864
-2.41116464638961,-2.77303853721978,-2.80504583068472,-3.13285683547767,-2.86238536697329,-2.91497887372518,-1.50028727188186,-1.85248058596196,-2.13379770051944,-1.73963339174992,-2.49888756489821,-2.69662643422697,-2.41450660157972,-2.67683695074774,-2.71861955945647,-2.50972532186682,-1.85359938274544,-1.28185351096053,-1.04774479664587,-1.85222468283345,-1.57460206917071,-0.781790555808158,-1.85773381984126,-1.61358095449398,-0.69886448302492
1.6439002537272,1.76096637166557,0.764392833865855,0.570187639284427,-0.353290668192017,-0.985683084375239,1.15261168653296,1.07689656737386,0.956950050228301,1.16127271157038,0.220411842544621,-0.10899312285224,0.24686397391136,-0.611884109626544,-1.09235754054788,-0.517430905917109,-1.41507160285298,0.811492842897934,0.486838493013693,0.00856612199515894,-0.216337932516012,0.30509012646209,-0.617346657854114,-0.665907530278616,0.253644275465007
2.81313396617722,2.9564553295568,4.1392578493527,4.34050545018061,4.80772727491006,5.24353172885884,1.20301366875634,2.20403975821321,2.58383661994372,2.44790084474215,3.98064549970317,4.57776494896962,3.98318376508948,5.21789295989305,5.99930546892207,5.54961214453738,5.79458388149718,1.4524266047946,2.3273252236836,3.54532794746112,4.42523019779932,3.7999808801647,5.0910309778464,5.86066888675168,3.84148256634475
-1.42896839269068,-1.2842641553404,-2.95984467035399,-2.98959421394559,-3.45027142539575,-3.7269356592596,0.320350879951548,-0.750072361459189,-0.930925503416319,-1.68005568325032,-2.05080218228409,-2.42839209442195,-2.47518310482556,-2.83091841850123,-3.51624117514294,-3.40022129456727,-4.02346783743982,0.284593774954971,-0.0894782000652299,-0.5547535458646,-1.00626014299806,-1.42366176394736,-1.55671002591555,-2.27966591780674,0.243167772339092
2.18134990496492,2.02881090345778,1.37158029704526,1.75149169787372,0.413794023556534,0.970578716907625,1.92631028053717,2.29043641470628,2.08901491302456,0.830953853356618,1.50382167845851,1.57674169963784,1.20079463517465,0.38070557386672,0.554239535245671,0.167465884403157,-0.140436346536944,1.95342772595745,2.05902355073786,1.38727317012703,1.39832623776886,0.880685938134206,0.465116542912511,0.387591895440465,1.39704212564968
-0.346330639796321,-0.157311376647442,0.125291679719595,-0.0411695431179169,0.0655324525630192,-0.423175304332489,-0.82126855708708,-0.157011932230574,-0.115717307407579,1.73715511716145,0.787943520108911,0.217022208960231,0.425789356822293,0.662313099051971,-0.233689177642077,-0.450203031382159,-0.729159994494125,-0.169476754356793,-0.3664230104973,0.997821573421049,0.0218735887205241,-0.101524816181865,0.730316765744618,-0.512717725023492,0.190248810218719
0.483705367385681,1.9602519286085,-0.442462213742061,1.26744602056024,-1.30930788257518,0.64115079072144,2.39767090257433,0.872901344064701,2.16301480455633,-1.19041953927714,-0.0922300256153505,1.56139378153614,2.05811117577593,-1.03360995285232,1.09472110383811,2.2251559477418,0.912927685348791,1.27935345216673,2.04758710493769,0.605887204877575,1.61809653127744,1.44052956855592,-0.158180435260732,1.35124663836945,0.777080821196961
-1.09271284461411,-1.0194483480731,-1.02943905016764,-0.62002389080223,-1.06295000311769,-0.271171749676228,-0.363425639453794,-1.14419496070758,-0.916833497943827,-1.27465338620567,-0.832222912117629,-0.329135934406565,0.134047898219421,-0.357693281622971,0.369456096022333,0.827994157386911,0.20297378135885,-1.72970222708946,-1.34953530861404,-1.10578628136506,-0.626826928502425,0.052427599546462,0.000781744850684163,0.513407389503726,-0.173110767833833
-0.283236467002212,1.06000699319037,-0.0281205163948073,0.832306780086356,-0.081533368176963,0.738010320964889,1.59495695615021,-0.078447080125585,1.40328419957586,-0.862798998831579,0.0965695906200494,1.24696029352262,1.93219871821765,-0.12661971222272,0.947924108251357,1.60319532188365,0.394166386385166,0.580612369885586,1.84831389432776,0.410859293020962,1.62381090206213,2.0830746084315,-0.233107201216114,0.931408525226431,2.1949622395594
0.779058093681414,0.22646439378002,1.04417846414643,0.369036093756648,1.72490461489824,1.14516084502785,0.32592773616139,0.716698787041338,0.470778165754524,0.747585029499788,0.891792807111017,0.58067741242877,0.151218673520845,1.26081331645591,0.97601335970316,0.656692374537357,1.3833872054706,0.413705711138761,0.386169055394674,0.391112971765892,0.337823074356209,0.296144592543811,0.467844337082738,0.412430111415858,0.228545322563207
-0.232136909618873,-0.469056792198472,0.803144322012741,0.706592985066408,1.11817477767815,0.853057081417688,-1.8756282358226,-0.0590429567361639,-0.537840573443816,1.39997263186837,1.03441410305882,0.648246489380114,0.0391124738625876,1.28776531440013,0.685709596429518,-0.0811197213426453,0.041895570387652,-0.141855376830051,-0.700775268998427,0.612286534513174,0.0512536400212582,-0.659586996903556,0.647881088843206,-0.211024487380428,-1.00900309276778
-1.5170003629641,-0.799674542455875,-1.42488770734889,-0.568656706857666,-1.14677344328717,0.235160597344304,0.353182485460565,-0.926071786204915,-0.346341805014703,-1.89933895535867,-1.25053520390131,-0.660846807405107,0.138156618250747,-1.29011436569075,-0.362749992372244,0.530015483893294,-0.197136483357554,-0.39011143664581,0.0439611663065875,-1.0343104836044,-0.724875359024594,-0.0189130116916658,-1.32039173901617,-0.847215056943639,-0.771279407692248
1.24002429121398,0.420032986465344,0.157863898244528,-0.776968932836326,-0.320633419123993,-1.65086052798239,0.885737330642627,0.87149434743813,0.440515633207781,0.966642993666625,0.144114534469082,-0.281303750729052,-0.450881009530406,-0.112662117061234,-0.746498267438596,-0.848075884361123,-0.44478031899186,0.643527400888246,0.455299737214233,0.602012477217414,0.598188787174166,0.52487372122755,0.747479373001823,0.741633847970604,1.54485508494909
1.07715744162124,1.60595138028668,2.14863719114405,2.04830444833675,1.92695624342701,1.35204246699629,-1.19380774366232,-0.423143578162893,-0.216430369733871,-0.203634321376768,0.878446054216397,0.502176161715539,-1.19387582493101,1.45914585605959,0.699036670408731,-1.4366277675185,0.875113322570598,-1.4087715312163,-1.34030130009117,-0.320689190748482,-0.627892011607543,-1.75395449362969,0.634763092697483,0.160728923458947,-0.944203606213335
-2.22729366399699,-1.07439489441029,-2.10794208670893,-1.06678241359569,-1.54390374757597,-0.943213357271418,0.505858860560807,-1.09272266870676,0.200035355675993,-1.98943480986327,-1.36454996990381,-0.494149921035842,0.731405987099549,-1.04114428853529,-0.999140230513575,-0.423322559479857,-1.04390209421652,-0.165430526760275,0.807591827484202,-0.624916218749291,0.0199686887468999,1.19795041067772,-0.527018256015737,-0.58011236079426,0.0662057773197091
-2.83714231339638,-4.14872657592466,-3.19787126482402,-4.28794737813209,-3.34680346304648,-3.49206247213152,-2.89615844469566,-2.65174220767224,-4.05633496102467,-1.71453920089317,-3.05837984946169,-4.33292313809974,-5.09790405903962,-3.27836281375568,-3.73652220463498,-3.88249175644486,-2.57040158594799,-2.13585674531919,-3.13114265133507,-2.11533276792346,-3.07653651782391,-3.34141686478796,-1.82516276903019,-2.34082413451435,-1.76884858626789
0.312243286164318,0.423247859645073,0.149657586260815,0.40790691566724,0.465570463620764,0.311719884225056,1.51232703689342,0.692445460821347,0.893321457397406,0.263065378246893,0.153199137327022,0.355551385826089,0.870844908494576,0.0683550078416886,-0.0621454049421004,0.241867763999153,-0.475553028474792,0.726836462328436,0.577723292268729,0.0768649165150066,-0.169242546044813,0.0121240438772929,-0.196699540165355,-0.658136194760544,-0.798060748962683
1.66504179993271,0.761084471024958,0.0841580383928999,-0.304455071643503,-1.18349359705022,-1.18255114401367,1.68808713086582,3.09846782162325,2.12752273716498,1.78992120633347,1.86311592714827,1.28899496714564,0.409399458567492,0.111599316202501,-0.209016758481994,-0.278387637458763,-1.09880130509211,3.8862776281517,3.04155533317376,3.109039177238,2.52534519062559,1.12725883048179,1.22170918217307,0.831412573886922,2.29189587671112
-1.76171348797556,-1.10165510465688,-2.26833624566058,-1.5663935876203,-2.00367339357061,-1.51327688702759,-0.0890059859144401,-2.36303984915321,-1.50104339919511,-3.74823826755028,-3.35660913660288,-2.58013189904199,-2.09667913910741,-3.26122051419927,-2.80717490449933,-2.38673279244446,-1.7522791738734,-2.02230874686396,-1.62201036709973,-3.75938167640533,-3.46210516361006,-3.09485380752062,-4.37175752182091,-4.2601341015127,-3.71379518474291
-0.320744518309766,-0.0622603369365606,0.11021233070727,0.484001240064288,0.950733061034583,1.51688484745605,0.0166749422069188,-0.830877775147059,-0.745751886946465,-0.530931291120936,-0.579185467933144,-0.28161570523045,0.907569673613324,0.473975536185577,1.07633343712445,2.1311947134661,2.10518738494613,-0.789592332626825,-0.678274784419642,-0.522259780463486,-0.184289909871268,0.957752502114744,0.484429051474649,1.03250765538473,0.591985437737293
-1.20799135862379,-1.87264368147183,-0.17804988415898,-1.1337866900144,0.743387025870931,-0.206481833530063,-2.2850965402329,-1.41110652168976,-1.53243885940222,0.153282000903431,-0.117486084568412,-0.359026141110434,0.112697649076779,0.7950603412406,0.548449187205307,0.844139788972257,0.42371472094365,-1.75457317803901,-1.2228033969977,-0.385644773183174,0.257250634068185,1.3183285571873,0.573591296516611,1.13210364338647,0.356974923920745
-2.66339962328303,-3.15886337219177,-2.43271735898918,-3.19946319962594,-1.49314296803993,-2.39894710648949,-3.54167448772475,-3.58788986932296,-4.23400214563699,-1.79887607323096,-2.87746395489117,-3.75677548647752,-3.84662110670527,-1.35874604553442,-2.27433298014921,-2.85581523218374,-0.640649172554816,-4.24711886138937,-4.92879251734109,-3.35943996763609,-4.13014875745409,-4.55747770156836,-1.31641003288371,-1.93165511723191,-3.65312130298332
2.58786500776515,2.7755204855531,3.07944739295417,2.67724724733776,4.13913329161551,3.04004639391138,1.58938520414159,1.13957433043836,1.29841837789252,2.66738435086697,1.29707255695507,1.20166222759792,1.40607971979318,2.56465802138891,1.89327166646734,1.86563788886903,2.81890642073847,0.2464806933246,0.463165150064611,-0.153016036822663,-0.0682958753027947,0.770345960107306,0.588773695134819,0.251841018316696,-0.387341191815182
-0.275636375544281,-0.175611196797234,0.277066705453308,0.708356084577304,-0.0873794326518862,0.452774789658491,-2.13557608906919,-0.240949899535991,-0.466092420602621,0.926356149455614,0.760255860998882,0.719853162769567,0.7957160766546,0.532647847680948,0.699751391797633,0.505159201292912,-0.821290658373471,-0.750111665287989,-1.20266047895618,0.385123543930547,-0.0445383054413639,-0.483974068548633,0.252114463758858,0.119211733308475,-1.25882488042231
5.52443047562235,5.16347518259005,5.63252947266292,5.41662779201658,4.75597176686946,4.69638646261689,3.11495196895427,5.11393791282353,4.34776873393915,4.4944909540848,5.1701640317778,4.94808470011867,4.34808139143234,4.21501391505785,4.51639116877678,4.14394188391705,3.46240788322964,4.14551476110935,3.50924832861656,4.18093426601661,4.13304141065143,3.51897512877198,3.40346386299342,3.86236582311568,3.58461184357139
1.60861556093533,1.37439346762508,1.4282945342043,1.25368403356805,1.32960415661282,1.54578799128711,1.24079892312133,0.821499103415704,0.856133865898073,0.819370017798548,1.00528587949808,1.12082572054527,0.756095645580956,1.48343721230279,1.86777691815715,1.52877062591864,2.38359237410569,0.221725577182184,0.484133557320604,0.426592699476771,0.724041030971961,0.791291172255598,0.946574423099861,1.34925982609869,0.0448690434458285
-2.22840866517393,-1.18994702047775,-1.95976734489713,-1.07121149268147,-1.17844044332651,-0.750710447491116,-0.338833119387857,-2.10819614860537,-0.737395658104361,-2.48636321779765,-1.84165904571478,-0.825801049092519,0.16609521584013,-0.913512440872012,-0.648794421514282,-0.44846647448054,-0.588688926427636,-1.99899424350733,-0.753155118136789,-1.42369177053104,-0.591199381124738,-0.0281140603536869,-0.489847784166585,-0.299471306970958,-0.375943846422672
-0.571801101907852,-1.39680368802283,-1.78848503089876,-2.36330203713194,-3.05716010804051,-3.60290656340658,-0.424544050431194,0.051108945746364,-0.87079562397966,-0.929865262725457,-0.99746993875479,-1.86217205446744,-2.83410540853532,-2.37679323351077,-3.17728620026998,-3.64703139664644,-3.65586838575487,-0.00658209198311965,-0.583746529605207,-1.07072893961492,-1.76613723519489,-2.70708892434612,-2.45584716826303,-3.19248744407,-1.60715080623177
1.93706539064982,2.27508099584594,0.901684666926485,1.11333468308601,1.10105020526487,0.749763127297683,2.91229694388966,1.81796319619338,2.40000007041135,-0.388048551619278,0.26149933580902,0.967641881321157,1.1220042436309,0.187935232515542,0.416429287479872,0.469316428011126,0.907616244788073,1.61512205516431,2.11785710486444,0.169030971994061,1.00694524281391,1.61646637860841,-0.0771602294589684,0.460190667404987,0.892640098759927
0.880041106952405,0.738905900016846,0.504791586874688,0.436351460438487,-1.08684406058438,-1.16276826110055,0.776108383677354,1.88340076634699,1.09558456724767,2.13496559304838,1.61989913103679,0.959606455346517,0.300315798349317,-0.0822482036971621,-0.46183636633927,-0.118906621273425,-2.3982721952533,1.66936362905921,0.593267707132611,1.7022165729978,0.664046466906683,0.030410722726316,0.563177423172107,-0.0743712740355988,-0.146662542761447
0.560467902799815,1.20562735313209,0.258616835455257,1.16500487615218,-0.343837219684247,0.728453855050134,2.22046433350584,1.05971995684246,1.77901648155512,-0.101143948313023,-0.0641899917156081,0.823165998680707,1.89359442430327,-1.18802990628978,-0.0959388955181453,0.924564975208597,-0.322665686396874,1.9379673747176,2.42640416021663,0.355791912190284,1.07784957516199,1.64197861599743,-1.11076526203371,-0.160752552304018,1.49460845541523
1.20460713906266,0.0123461065081756,2.00959611795722,0.598135859975287,1.61869000893785,0.81434319232082,-1.13800588802582,1.13013276224501,0.0365343300258587,2.95647524012409,2.27049715903161,1.03132752136952,0.0676288239799305,2.41538788507199,1.71948734308742,1.09247895298213,2.24829302799745,1.3511867370662,0.656469545891781,2.41049485708302,1.41942289796577,0.621553265099351,2.72156991574829,1.90583421832295,1.53360316904011
-1.75595026223462,-2.29408084485854,-0.808622395881287,-1.18106421616633,-0.0275439135961619,-0.0143913563886997,-2.88322911587051,-1.33319321665476,-1.98550531363901,0.26612378838027,0.113553240815463,-0.515145620997686,-1.11865633849425,1.04994410729239,0.628462870060417,-0.170819769405313,0.851026039423544,0.0690929036336172,-0.650131512095356,1.47147269577198,0.661490731150593,-0.368207301766063,2.14214008434607,1.27717430625887,1.15857409615612
-2.39105400690553,-2.12280731536529,-1.89622429161631,-1.88408485365883,-1.6537128340405,-1.87828475878672,-1.47068711582349,-2.17986957109079,-1.64522983079584,-2.6849149036762,-2.17437767543063,-1.87410709269687,-1.90167547604105,-2.48579828546733,-2.32765772502393,-2.5396555427883,-2.40528852218341,-1.64488434441347,-1.1317208241849,-2.12814928512881,-1.60758865192031,-1.21030723321189,-2.5924568454019,-1.93972807029343,-0.837481870647281
-0.516121933053796,-0.798564429832908,-0.89615140489795,-1.41715724548811,-0.864129310999346,-1.34686211429215,-0.223085763122413,-0.743349810662636,-0.727524402489621,-0.60319807792672,-0.915064773314015,-1.01099217282174,-0.923866270390164,-1.00566136153446,-1.25920952700798,-1.18402084426921,-1.31819238105024,-0.185080057313627,0.04770315716857,0.103721585260416,0.462525015342862,0.426402163224679,-0.0499371270478264,0.0763576189646358,2.07674463748563
0.689500090384769,1.5905363843211,2.21272415136272,3.27560489309425,2.72127928201647,3.91679240715652,0.143714627035195,1.21211078056837,1.9621253770824,1.50125867308489,2.71639231361857,3.60999685963864,3.90604996213872,3.12546877454704,4.28582925114691,4.72119888007535,3.4816990155386,0.964277922520097,1.46577226567859,2.42766669945587,2.99677806644331,3.18303277287444,3.23549291908222,4.15752278580425,1.92864740899356
-1.34574610027494,0.211576042834167,-0.375961560950259,0.834471045376063,-0.103078160477793,0.604170658492365,-1.010264715929,-1.62806583137163,-0.0472586623401696,-1.29868018385295,-0.680915790936467,0.653704911609594,1.64561318572439,-0.594565219388272,0.296927631636208,1.06664502449203,-0.398121456716552,-1.34415283968809,-0.0810331735137595,-0.510837736664143,0.519864484071604,1.17018741637423,-0.571818895180229,0.114731767031287,0.10833834640124
1.22598172768849,-0.375579953914269,0.196360706611131,-1.02918897538052,-0.168040687677717,-0.916725433778652,0.857271272790712,1.52622008437126,-0.0468526573923498,1.32265670795678,0.447575364816657,-0.907219280384055,-1.76707695854842,0.210794211551956,-0.741540087648815,-1.31309399145073,0.0400150655412119,1.16761950841678,-0.0457425492645314,0.199691501168729,-0.887593182742108,-1.45570394321928,0.111263680033971,-0.715354931507278,-0.550058610661353
0.00137193478781228,0.562134389023811,-0.692314764235306,-0.117797896033153,-0.670295312646459,-0.0424400249758321,1.10189492586082,-0.131151863392517,0.289937300892632,-1.68698637562818,-0.511273161840933,-0.048465087119979,-0.538062034079701,-0.280459980481226,0.152254404680832,-0.558232143320055,0.0647462271110442,0.124653808500966,0.313399012031681,0.0675135929685382,0.341023034102648,-0.0400906044698672,0.435298488030242,0.717409213791825,0.617941038649747
2.90521716648647,2.63458780911449,1.91390299359028,2.04267954040424,0.732411469575851,1.02718664579143,1.79744019796979,2.9303747947622,2.72933347641478,0.764276748599315,1.96241277162551,2.22512169546482,1.42007179364023,0.920969113707883,1.46634329336527,1.17323410796971,1.14364919051644,1.62962355990456,1.26267967877391,0.869850401232128,0.926445943255345,0.53751274524339,0.194187875487302,0.605153271733002,-1.0075517510486
-1.41406870139721,-1.60535770176759,-2.86076958694099,-2.68758654674241,-2.99058227066817,-2.68099145446013,0.223727849522561,-1.20478510430704,-1.19855594539584,-1.63750492405802,-2.44602894556334,-2.65552464885565,-2.65041744533337,-2.65972300177827,-3.11762769685194,-3.03662279093624,-2.2709022674685,-0.634920007563579,-0.352708634046593,-1.03984366383423,-1.67341712693084,-2.23032238952101,-0.935316129567298,-2.30184485805711,-0.386672174425883
-3.49937831090858,-2.94003191296946,-3.42240064213027,-3.23872062779159,-3.04040930714376,-3.03944193046499,-1.8105712632495,-3.72049936073586,-3.10147371314252,-2.42631294046825,-4.32303471690142,-4.24143398891098,-2.67534654172565,-4.38904850961134,-4.62989767249363,-3.31252963961359,-3.7093127290951,-3.42560276454574,-2.70925660999899,-4.69617605164572,-4.49658822122674,-2.82335855716912,-5.16910972552131,-5.31872396631013,-3.43628332727221
-0.737307999859638,-0.833503263310064,0.572118768239051,0.272176573483591,1.31585167712797,0.793016589621004,-0.853959839284897,-0.354740358696603,-0.465489689412891,0.417508996091442,0.762672145621025,0.510257931875259,-0.332873760095282,1.6016087719367,1.15542612793655,0.20904123481202,0.780040608346354,0.204637378160385,0.0976195724145157,0.907932575556174,0.748009493482584,0.0443893398894488,1.54471143656707,1.32570252149588,0.701962499721191
0.775441398408873,1.43634930762846,0.545157187861207,1.05532854595575,0.984927563691002,1.15834607313468,2.3161790004863,1.54614550710747,1.72183283168394,1.37232243905606,1.11614270518581,1.3067054714426,1.87004764548874,1.30479039822779,1.4073157473926,1.78318415379673,2.03363159573752,2.12436979481726,1.85482407003082,1.77404098922213,1.69062952309818,1.71507404867,1.66285900112371,1.66536755696998,2.09601577588128
-1.83684206693093,-1.3673255740747,-1.58424423112766,-0.532415601497803,-1.4021818109249,-0.0481533048475455,-1.98419108069137,-2.08546782284401,-1.68616046723898,-3.17120707149337,-2.14353264806863,-0.88542261323812,0.340491801335475,-2.13067646490506,-0.467659363196418,1.1722806563682,-0.706699933628528,-2.36210748770981,-1.80116982701955,-2.82332002949974,-1.2149102182334,0.348587411664681,-2.99232018279164,-0.995910628121464,-1.51562230340687
-4.23523461872989,-4.56963308922087,-4.47131019192349,-4.91285705146754,-3.91091722960357,-4.35830595147911,-4.33422213157374,-4.10501451853975,-4.64736547160456,-2.80961482352788,-4.02733428528427,-4.72723804379942,-4.25484852727035,-3.51455142625292,-4.08360101270264,-3.60435498284443,-3.02631113257945,-3.66485915580904,-4.32402265579711,-3.56419877751026,-4.27223334175139,-4.12476930058781,-3.34709379541778,-3.69896887323691,-3.67323939021389
2.22884393630878,2.02933712984793,2.60105077498309,2.32699072691258,2.16882663972092,1.65545955454749,0.800540938295171,1.30362979002606,1.42556896341063,1.53550705983332,2.15107272197073,2.16022537937167,1.27047650255957,2.36909734128577,2.00031761640699,0.673688777360667,0.749446033646791,-0.342868169956574,-0.18035990393858,0.902048385223424,0.80861097215984,0.268621847026481,1.76170690063779,1.20176841632275,-0.88324708707043
1.16066779686983,0.252214603146314,1.86852779342152,1.39417155699303,2.13408745168942,2.52292638922842,-1.27058370439934,0.970636067457775,-0.143872757036092,3.50569426801189,1.99611888129681,1.15837720266674,1.03825338149582,2.42019015087229,2.14161189608134,1.87770013284057,2.42108907151174,1.00987449513022,-0.00810404731930703,1.61974049674376,0.730286582708544,0.520217796622347,1.93824829050939,1.16761723703181,0.393659613766403
-1.12280881581654,-0.696360169252642,-2.57649585025061,-2.13446412667409,-4.36469411632018,-4.26023731227721,-0.280235449118237,-0.314758493667654,-0.271494704708573,-2.30981753728906,-2.14766241845751,-2.0218313912342,-1.72836790966761,-4.48046068135505,-4.43135244589823,-3.72817866479772,-5.22424844583236,-0.114856603476653,-0.047520025182024,-2.02577075961901,-1.741456726959,-1.50291954331601,-4.35793063662999,-3.97145540084387,-1.60964883189942
2.68418348067721,3.48578430737811,3.33882067313093,4.32871823499138,4.39924724207049,5.43282774723031,2.42563708082776,1.78163235734633,2.48526129700559,2.44312182759106,2.98565441742525,4.13253743658899,5.68760005153825,4.81998795553045,6.20151659606952,7.14752802637724,6.50226089677378,0.210175957824987,0.629068525650695,1.74640958897962,2.59208619154376,4.20658114480079,3.80274400077872,4.99605619174443,0.971949476233732
2.26333050271322,1.91592061976138,2.95151375045782,2.03340162868889,3.85904036792789,2.59157810209541,2.93725386614733,2.26261621713397,2.11262276202331,1.49947838410864,2.08108162233381,1.39048628070154,-0.432054521550185,2.43026073838152,1.40633507056597,-0.31296313028335,2.12092535723741,2.38663722463016,2.45941426258153,1.30128944496815,1.04465968236488,-0.369279709821257,0.999371778131518,0.491318780701619,0.83793181091383
2.46013772907671,2.24763624617469,2.2925827573884,1.76755054132781,1.82773281831948,1.07282228430216,0.791198627420499,1.69949106059417,1.66352365925505,1.57611400574058,2.14627278574164,2.097182878007,2.17781468274359,1.8573706189155,1.77520099979927,1.92967403910922,0.913737986783048,1.14468932974589,0.938567624265573,2.0099107893148,1.99894300488612,2.13873135730938,1.57660419623548,1.85148365971909,1.77806736431396
2.93294193275202,2.67291687291859,1.95348008884523,2.12485068836463,0.510477130392047,1.07863285480974,3.68728546243099,2.98946791416211,2.69239030505116,1.15936625591752,1.49487511789624,1.43990742941128,1.15466971147794,0.146849210672684,0.371688113491359,0.868868223933077,-0.49022013351788,2.66078778151967,2.53231835372856,1.30323889118537,1.09054918935968,0.810426184552711,0.375679591171576,0.253669018695177,1.02405702621937
1.04531467154681,0.577541344189967,1.18642787530621,0.146870193201835,0.845120701688415,-0.365215995292743,-0.446433082578466,0.173063835475716,-0.107308765327502,1.44307673465224,1.00971001759439,0.117130632651538,-0.396203643774669,0.949635608818113,-0.106660862871536,-0.929281964948956,-0.429697373672212,-0.276181551107243,-0.467771070170471,0.928333533344244,0.216617064163415,-0.390318520767693,1.11537520251915,0.372961643213017,0.871843958592166
-0.90914355852135,-0.754692941068612,-0.805834748813908,-1.62254288547547,0.182735508327227,-1.54647585742265,0.868204484089802,-0.35555168173434,-0.54848350609754,0.55638181695241,-0.170729747054168,-1.51226502966296,-2.79690037663573,0.94103619763743,-1.46098472356545,-3.5218059849667,-0.616449726428868,1.03911652813861,0.660141926111805,1.54102842372762,0.0877210041015246,-1.51388802675442,2.59215462121202,0.137984455098206,1.55173406623604
-2.43259679995663,-3.10195745001752,-3.11828122443217,-3.30605048144713,-3.46018847565884,-2.96812507010281,-2.38221706329367,-2.82582684196035,-3.16539693026994,-3.36897970782624,-3.62051069846078,-3.6181008565346,-3.00753576911981,-4.00159625353677,-3.55719413134062,-2.64126368394406,-3.00910807045369,-2.42828040963681,-2.45315267203844,-3.15845872572154,-2.87044784249545,-2.17588684639557,-3.4648228077248,-2.94718074364329,-1.94632991817144
-1.08062196917447,0.116235157704068,-0.124741307154522,0.710901781032987,0.532533244463565,0.425479127401587,-1.27640144005409,-1.27755752217689,0.0164498299605782,-0.217695123652732,0.157976207544266,1.3165338333562,2.19574501269832,1.24179772779343,1.52099709071544,1.78364134671671,0.694141838223487,-1.23727580183004,0.00615193686661542,0.430085500167991,1.71559175696461,2.54552610964171,1.6660795338569,2.22710389406063,2.17899810847516
-2.62253601031858,-3.87407847850571,-3.34207724056037,-4.36289391785715,-2.72331965589552,-3.30677444508763,-0.767691250786328,-1.79655066943616,-2.07295714907636,-2.02680798415287,-2.78350707167311,-3.09603025818743,-2.89499781104689,-2.5503024333411,-2.81276995688998,-2.7021351629308,-1.3473266181058,-1.10539636137159,-0.915507899211576,-2.21907893004982,-2.20759456913694,-1.99125919688521,-2.34483589552431,-2.48613556569188,-2.53529524073326
1.45900994407236,1.00280183753856,2.08492074903623,1.77333848697532,2.39865277507826,1.97972746149946,-0.623650830639605,0.262387994110242,-0.0510607617266885,0.726844746809377,0.960476975278709,1.02105744258014,0.825217140139245,1.68623756197343,1.87874670783251,1.6930865070747,2.1628535231296,-0.814274526080169,-1.07545997867629,-0.230077852659917,-0.0248599208644293,0.0176697390240008,0.628053799382059,1.2051903395714,-0.324131319876926
-1.82832698144375,-1.40416162655916,-0.744172053394806,-0.633653031882289,-0.362840067277261,-0.00088129734055542,-1.12715203512889,-1.25613598382753,-0.720046072298658,0.251811500084671,-0.565820732603044,-0.328444597511975,0.40271618592277,-0.109142651995768,0.312115887231215,0.951019385155831,1.07842908549745,-0.998871498643041,-0.661193213555975,-0.849953733584556,-0.755722105024972,0.169995646832007,-0.307922988456568,-0.133277028333907,-1.89520699568382
0.838253438511344,1.41280496700227,2.33701574211881,3.24651801586657,3.80842710426603,5.03237702966823,0.541561602040247,0.191200478812107,1.18886609815348,-1.02606424548333,1.62368476051159,2.97409357865357,2.5074683791369,2.88423078181921,4.64734461798037,4.46079779368964,4.88727590931626,0.261966949365046,1.51689379655841,1.43337769824524,3.0662787531499,2.90717355990995,2.23928484659382,4.29910405732591,3.60405674927412
0.566166551620228,-0.253201784416831,-0.474824390866246,-1.1252908710135,-1.12850752754525,-1.69085823650215,-4.60960376358344e-05,0.969347788688822,-0.218070414203794,1.86247685766696,0.131462780020797,-0.977384458065529,-1.36088292733919,-0.571005433462375,-1.65368240452534,-1.60262780427661,-1.79499823742987,1.3761812813629,0.398234518776235,0.922892963805282,-0.108798509096772,-0.605537803081432,0.193828825621381,-0.917243847390949,0.488886984237269
-1.12105817502956,-0.809569653913627,-1.70281692455967,-1.23646100549104,-2.04959793522175,-1.442504058754,-0.602514483764736,-0.929153904420417,-0.405299048076671,-1.54162522017032,-1.15762578461917,-0.32007667054387,0.276535796153155,-1.15617738868866,0.088748331556161,1.00805053768264,0.762145654768659,0.0576107097442389,0.839116411657415,-0.269804016695076,0.913595825596332,1.30200841229981,-0.441139643201865,1.20547348406632,2.25720342139431
1.32619999475685,1.29154380714505,0.887624413819822,0.933695487794267,-0.459696999964137,-0.830826695738949,1.46759198318276,2.49812853128802,1.77621702748954,1.14377926976098,1.43770535985482,0.544367053803768,-1.00041462274831,-0.521277281827338,-1.78054919952092,-3.45190758996523,-3.47625093349851,2.405241769848,1.22329006985723,1.20589171557273,-0.443994071087218,-2.00837153561071,-0.68703093300789,-2.61004277271826,-1.71464898699637
1.3276185702841,1.58877209970478,0.257833784234833,0.253996427635968,-1.04780532878178,-1.07189225099108,0.681820683507823,0.922611463940996,0.757375866745292,0.634306357345224,0.254493295526373,-0.122264697795629,0.321373116205876,-0.681045856299789,-1.09787350931313,-0.57929816413494,-1.37792156488817,-0.158833813392761,-0.556141794641547,0.0198769992101688,-0.613749147182801,-0.0826631684471124,-0.0636200438009098,-0.854424781396091,-1.1135441165811
-1.77657895036441,-1.19143854601984,-1.08061380306572,-0.0824913883818965,-0.177090336184619,1.19751590882049,-0.958916793690832,-1.38246775463085,-1.03154012223013,-1.31240553282331,-1.09555679096269,-0.277852927825364,0.449037416423693,-0.863363886887129,0.280562203760951,0.922091173117707,-0.212089833331987,-1.17962626056993,-1.18137714468591,-1.48221063548161,-0.948468954238137,-0.630683422436789,-1.64516892182692,-0.872641577650683,-1.22884604059038
0.844216935896043,0.980645636302398,1.07716253145168,1.46112675261679,0.471322255258968,1.24072873345852,0.590588220031009,0.957531351777959,0.985808190229051,0.982670770260256,1.06917451407887,1.48408980304015,1.81595967200161,0.845564992474209,1.88867449615063,2.96722677182561,2.17750578842299,1.24008984326034,0.988652875271612,1.23569451126494,1.551825282842,2.06810330075223,1.40863543215605,2.52516115988647,1.71881678345062
-1.71656203155828,-2.13047653154575,-3.03785835358411,-3.35478696739565,-3.21757773889109,-3.39449654827888,0.219317028019816,-0.719597547300879,-1.14172281226243,-1.25807119796195,-2.19003782142687,-3.01433934358778,-3.38306950441449,-2.9039355225483,-3.88245941240271,-4.40432045618419,-3.32429108167821,0.0371459955810849,-0.684786866573091,-1.2398201350658,-2.7566923638847,-3.36108078669932,-2.03456140352154,-3.94782060676283,-3.16529076670571
-0.535085056135244,-0.994972220854407,-0.0817252580252728,-0.371421772242883,0.670522376767963,0.644696614122893,-0.679186941532862,-0.585152929391143,-1.33086348269256,-0.630176536252804,-0.542537342592169,-1.14216634799047,-2.02612568985199,-0.468512101322261,-0.710322702736335,-1.04195501284767,-0.879267683107457,-0.404748403162387,-1.19688935496842,-0.477315031284064,-1.1515578295523,-2.0588298801359,-0.954317384413145,-1.20340317528573,-0.212800363576292
0.240290754928651,0.220265303920741,-1.53103952674013,-1.62708875499396,-1.93657701940921,-2.40113012830852,1.05956216223581,0.124080678744207,-0.080016068959992,-0.733360886535735,-1.23307934947684,-1.54178029406214,-1.4770175388847,-1.59102554284229,-2.33717421433951,-2.43508118183129,-2.24814940812036,-0.439109810125785,-0.45380139865253,-0.931624991688039,-1.07904060782752,-1.01610725535957,-0.797350859081632,-1.38134374645779,-0.643068769885559
-0.263517194290557,0.457287797363819,-0.911197082219473,-0.331523895517279,-1.37249018523741,-0.982288144703858,0.59182747076548,-0.581207918900162,0.337005717994714,-1.14756789990014,-1.00434917443582,-0.275779369707607,0.443453716026994,-1.38987975664827,-0.959138568319474,-0.627851434494573,-1.14494019066677,-0.782039345674633,0.0508031691904023,-0.980664350668974,-0.341106285408074,0.167536111929167,-1.25415210233521,-0.856828029910815,-0.448359359500813
0.773519743400584,-0.0458209921716843,2.04211008488147,1.480569695849,2.61380524306765,2.40306555040635,-0.839888467315063,1.22784030867462,0.0371919663998312,2.10846201249382,2.1319973576538,1.30570356869288,0.406900334581962,2.64913617061649,2.33681601894165,2.04302295483049,2.48731313384621,1.57284290190901,0.411995208857832,1.94683425106763,1.17205559658674,0.55464856008274,2.22427275993192,1.84319904753724,1.07387237794509
-1.08717489407053,-1.56225831310832,-0.325578301818638,-1.17315336113683,0.622312692759579,-0.604561504056392,-0.588532956279124,-1.80344013429217,-1.39218628320171,-1.6754493672465,-1.26287174564521,-1.07651588539102,-1.14294436667308,-0.167296027411311,-0.392635212705898,-0.892045921628352,-0.472800096378933,-2.22708200101599,-1.21751177276875,-1.77253372188463,-0.854064333078497,-0.466936985966839,-0.73308606802189,-0.0555244025635204,-0.291741357924053
2.77988854330439,3.33959616127203,3.35718040087787,3.52223435446311,2.96488570014822,2.90727160981029,1.55063320336953,1.76077593382362,1.8259037209103,2.2688562813226,2.45394862703546,2.23402913147515,2.12326118541711,2.55127542537073,1.98352534093365,1.63130426264647,1.3143247037948,0.288779051501876,0.310426425104794,0.639283739914845,0.607847521560075,0.51861541238469,1.04326912938657,0.558470298632415,-0.349741248830298
-1.05660353592927,-0.149915532056639,-1.46415464929515,0.0316046402347752,-1.2800769228341,0.167692740342545,-0.368452944744291,-1.07477203170319,0.145994972427957,-2.96748773173184,-1.47023208673372,0.57597236601211,2.20458769037245,-1.2275049973716,0.73411656038212,2.26901242739547,0.823032904175847,0.0161073708202082,1.39093403735518,-0.281464726403613,1.83002560400669,3.49923085304013,-0.468978140724289,1.45448913625921,2.8500900603261
0.433659634773818,0.94521400974503,-0.0810881688480265,-0.0537756452687859,-1.10888753327194,-1.42540664679552,0.926392936009137,0.948587873959525,1.6765919018286,0.614335099523373,0.568399825403503,0.854710531594236,0.786931113953898,-0.624443421325822,-0.615834409042037,-0.874119629591831,-1.63653246992797,0.382645660123075,1.0688015479918,0.289291313547722,0.595120603449146,0.720738939882011,-0.497569165022583,-0.280424999438139,-0.6846759396187
1.34550806729726,1.10296079827012,0.951655262094675,0.935190315435619,0.143715947494854,0.51039377224825,0.461163312605606,0.577357423381983,0.393916618807935,0.885573295569827,0.156177501630907,-0.0354396576542229,0.466551164798716,-0.428011950175431,-0.426738180091974,0.291239114553861,-0.211615717706962,-0.420363452737917,-0.951599719562182,-0.886217839586465,-1.5805228755672,-1.262352340691,-1.37500338090476,-2.02124233861818,-2.44049202775113
-2.40506155089639,-1.60240016332435,-1.89584458477279,-1.59246951483493,-1.00858331599301,-1.1815188329671,-1.99217451819646,-2.78471320099226,-1.91063233226339,-2.46901093661862,-2.2331238106085,-1.98222950356174,-2.22966382781962,-1.59532119653451,-1.78436523685608,-2.43295699143226,-1.10396768977182,-2.90098331769971,-2.26265654029211,-2.45056438226544,-2.43009537146011,-2.75457685707448,-1.87373802887922,-2.17973767345123,-2.83494717348174
-0.441687013473171,-0.882999429106121,0.18999498010399,-0.166783536602509,0.684185024739236,0.249449791377742,-1.42937997352172,-0.793022021522091,-1.6279158673816,0.890880413987617,-0.154667437737572,-0.907469141651916,-0.856351937026147,0.584255416209714,-0.132865353905231,-0.782977042278873,0.113810878197853,-0.415072456267552,-1.11092190926976,0.0847698469685838,-0.424604169634932,-0.686338299720092,0.851554041291649,0.475712961688373,1.24670589461522
-1.26161741117375,-0.676529828145163,-1.16273389404097,-0.0412977265331165,-0.57267395974597,0.927146520544426,-0.729048852133701,-1.48878600386502,-1.15956535303494,-2.42064107792203,-2.04844594188185,-1.14568495539376,-0.475967006784515,-1.39793813719521,-0.160355853556069,0.785419700190403,1.27628378566178,-1.06685563429502,-0.972555903766562,-2.40508134066567,-1.89136949285677,-1.05693241384242,-2.13023429819074,-1.43637457659793,-1.94072639876759
-0.718345611272781,-0.657278126529889,0.968305681700969,1.27633770265547,1.27411745305946,1.78948749880908,-1.63145814139429,0.640322224865031,1.24663219691462,1.16319052230293,2.82991667094734,3.89527099524338,3.93289764651635,3.33589857540107,4.69233771329712,4.55955425628176,3.78642633783761,1.52503677647334,2.56540155187315,3.2952786132002,4.95626409539554,4.88178829258899,3.40199739783685,5.31305170970904,4.05697822126126
1.21791115991417,1.23255899952821,0.815857396898707,0.861004301213285,0.897866664381496,0.93543743147282,1.50890090013647,1.738400907314,1.60726705882288,2.00130015443222,1.78152627856673,1.51781844864689,1.54693134735791,1.74158817616248,1.43190380989668,1.69777199688346,1.05282228599714,1.80319224981793,1.91732355522734,2.08304870061002,1.93106665654886,1.60645593854298,1.92369488898495,1.62928381886394,1.59360958465146
3.12516085369703,1.84317607076736,3.47621310444481,1.9173651330041,3.14763401391826,1.94845064837395,2.12412502816147,2.96383231869882,2.35463314244163,3.46347734605138,3.12802601821721,2.60991905068474,2.51151780398229,2.71472259567216,2.62204603919227,2.40611931129214,1.99224061885167,2.6927116336503,2.86512129583812,2.86633286866538,3.17593980565147,3.38831755658859,2.36409383645531,2.94629421148903,3.09641230825221
-0.88428748800365,-1.18852999183062,-0.551027095209008,-0.765481582836316,-0.0410543132977921,-0.220963538704353,-1.2097945654146,0.615469165948781,-0.480706137403388,1.58874963100175,1.26511893344437,0.195896712065519,-1.10251799963498,1.68141186745848,0.940969995367425,-0.160018612894703,2.27682465704837,1.6217968439941,-0.120934067177075,2.29889667577635,0.573983274490757,-1.02634116089902,2.51809128412239,1.33303434610841,0.770484396719013
0.223972829646641,-0.117153014814278,0.151393546507791,-0.84374800821945,-0.513565080852686,-1.88101297503914,0.124516824109662,-0.308713388265403,0.104594410232835,0.170529544088822,-0.11228396225448,-0.265115793488633,-0.420133891427724,-0.587149268761891,-1.14852096620908,-1.64405672351845,-1.90531523499496,-0.989963952999688,-0.329381094934206,-0.640250949372472,-0.232818458267928,0.0682408603545923,-0.933484735501366,-0.794815495229898,-1.06949939176576
1.97350438701332,2.29658681324807,2.11842910469292,2.48783464991061,1.92948377632396,1.97486576057497,1.04549318317788,2.10984042990353,2.13873316692582,2.94222354208807,3.075967814384,3.07126615922192,2.59781453433135,3.43597214722146,2.99853026370047,2.0974068083105,2.00365264579861,2.15270457251,1.55303261260144,3.69297455636953,2.99007107207814,1.69118794413447,4.41105265596141,3.3200437170135,2.77207947285802
1.51080715114801,1.38488554144743,1.84710738729885,1.97171598846907,1.26880990946961,1.78989890224818,0.217262265515302,0.980643794642418,0.926261764617919,0.904641277022904,1.5391363251544,1.40849954065155,1.12739575317107,1.15268220987144,1.37868753407693,1.4289954040359,1.34843017999731,1.21984871051487,0.98071658475402,1.85110888618578,1.28978884645957,0.550383442662223,1.54064456146543,1.34405903255492,1.59103144713788
-0.916271439121005,-0.759993522437554,-2.17964672303953,-2.31509417174559,-2.78090430855002,-2.94016613078148,-0.552988563550429,-1.4027039113123,-1.50336312646255,-1.73262858457616,-2.68260043122433,-3.05274271655324,-2.89076823376186,-3.39135952006524,-3.59820255439331,-2.92443273304835,-3.05091509890048,-1.96257026219178,-2.03349519398569,-2.69798489057536,-2.93401463816534,-2.50004543612675,-2.75523402259236,-2.82094997094447,-2.27078234641542
-0.427643625186221,-0.951015351879761,-0.0797359884433888,-0.671244079249931,-0.17756848353838,-0.789899089824814,-1.73112564689225,-0.759514809953089,-1.27842636041487,-0.23294011108473,-0.341006850394024,-1.06952071128788,-1.88293893539173,-0.216559965512744,-1.23260811257887,-2.45560367872829,-1.8290161617081,-0.651785161508542,-0.964703764279477,-0.135446959114546,-0.82011741398972,-1.63713204398601,0.112084530928882,-1.04285078787115,-0.444985693710947
-0.156869227737673,0.277021102917445,0.378034100286328,0.594842474410996,0.477297940639176,0.532975483095214,-0.0228399477535675,-0.865171390355329,-0.325347313436794,-0.758238092589608,-0.711573390536842,-0.326715445407643,0.0739953544129435,-0.811186826422642,-0.543009122190966,0.235405165029505,-0.640918837107733,-1.12502043292042,-0.593939006961477,-1.76840074666057,-1.34951389753323,-0.359515877658424,-2.40283752103926,-2.05921901550869,-2.19028576545276
-2.65244873331616,-2.02102436168789,-3.07390881017324,-2.43900853097051,-3.12602655231007,-2.62966992817451,-1.91504400468787,-2.50795531899965,-2.43126730803095,-3.02788281161253,-3.52458371255938,-3.07948227475947,-1.81316514689257,-3.95134147349432,-3.40256861823016,-2.05040537191587,-3.60719047163428,-2.38368690724357,-2.65418369528342,-3.51821183420708,-3.08132036579585,-1.93697237789917,-3.66986677891254,-2.86573351509082,-2.88920590174743
0.973358450810821,-0.302438441059735,0.363742845573228,-0.620834008954063,0.414471251374835,-0.244445555108086,1.46800176380745,1.49054781970776,0.160671765679666,1.05706157976678,0.685512819004146,-0.377629148451462,-1.12868136741656,0.746561243171612,-0.00899257980341872,-0.169345100750519,0.441037495600824,1.82754421081191,0.791787955767802,1.37443551868418,0.345260065937083,-0.554499696222507,1.61709274183846,0.716195892812323,0.762036052378789
-1.57165242866938,-1.69138053201664,-1.97922504198092,-2.230918474644,-1.78713411719917,-1.99983509550276,0.0440805271276474,-0.59280279388679,-1.34318426045914,0.0709630944149637,-1.27635417214699,-2.09170903590365,-2.24154051892589,-1.45565840637238,-2.07444130025885,-2.16776828770108,-1.97969790354801,-0.0142696024977056,-0.885017954535897,-0.636170124342925,-1.48187239466986,-1.83834049881389,-0.98683854899221,-1.53058298557045,-0.487467494345509
-1.46950777070836,-0.893188523727503,-2.67301007627188,-1.89162999320413,-1.85203181958056,-1.4064295380835,0.885607343811017,-1.73829798863861,-0.535852075848993,-3.24518363692545,-2.95551022618193,-1.62591334704311,0.0806501644708533,-2.37077465318714,-1.58394901173031,-0.336392404557756,-1.05839486865645,-1.40018219872857,0.0017293066142372,-2.43697971036485,-0.837731300702075,0.945677314798274,-2.16696503515081,-1.14983661838551,0.0984020674903832
-1.61050450253933,-1.45378221992181,-0.884802920818487,-1.16423350224309,0.142417313226559,-0.343970605743493,0.544678304397706,-0.0435408014478753,-0.0756251900055247,-0.513893984377006,0.0757295033349976,-0.274296803385283,-1.14370331418053,0.445782579410746,-0.0404260347973491,-1.01520625020203,0.356905124456318,0.911684555301321,1.2334254889079,0.467164989616094,0.524925725646114,0.365398669387957,0.245083665966661,0.124064299362971,0.851505420126728
2.97886978470177,2.32621930803808,3.06231093709724,2.96567273139868,2.5811726143809,2.90937472763193,2.10689033997591,2.99907433245497,2.92407202122044,2.76182943497099,2.98146543743971,3.44974980674888,4.08441095581861,2.54707402860114,3.47215399092204,4.32013366286014,3.50536152306546,2.21852153847561,2.34505155584182,2.37927340216902,3.02437454897191,3.73578741218134,2.13217985308015,3.21700413792402,2.21166010625853
-2.57295611652788,-2.39484990932934,-2.40819994246471,-2.48481019778595,-1.50601643105378,-2.00182746759472,-1.44866497843751,-2.113635555614,-2.29546311060332,-1.44215188978279,-1.77474791520623,-2.5009817418275,-2.73296974893555,-0.78220646477078,-2.24038939864704,-3.2135317654423,-1.79732064532445,-1.72850342367553,-2.20260858255028,-1.30302347704966,-2.41287674388448,-2.93028311915697,-0.288136024337661,-2.1769309613374,-2.07039407837667
-0.0568493714416434,0.107208031554109,-0.237552213701463,0.347386537832051,-0.426854605323228,0.299883802632365,-0.85487802069764,-0.874676513960821,-0.841692787735013,-1.14998577067669,-0.871603505313516,-0.722253235167756,-1.08508106259856,-1.1447089798898,-1.10716466009356,-1.25013068058928,-1.94379797878432,-0.933853534194043,-1.01358742835666,-1.05193864948743,-1.34007331606276,-1.74022208089309,-1.73710446422533,-2.35815851864822,-1.15093450281674
-0.564017198078119,0.00710506133853528,-0.948853356019697,0.215236144417105,-1.75871792905093,-0.355342963510509,-1.01762692944465,-0.080299700255182,0.496168878919121,-1.72581131448374,-0.815177451809376,0.456398817849248,0.15991760136788,-2.11918435805322,-0.532436038588514,-0.204046810321245,-0.911749075010107,-0.213534872108511,0.205888629118107,-1.30316622566062,-0.311811193035282,-0.448891325900121,-2.49291643619208,-1.3134268994593,-1.6612451963118
2.10634669698905,3.17916238784275,1.25926488410676,2.38408900864408,0.170148171967838,1.5391130823661,2.39204840855228,0.950913503862978,2.13059612439037,-0.839865389936648,0.287724090038466,1.70923743843636,2.26584721700053,-0.220763123204392,1.47967187326086,2.57534920466651,1.21068687978229,-0.226608403817465,0.742356975626478,-0.314767784688343,1.08857978853055,1.92364992727991,-0.0585309523694661,1.66826650740879,0.554112830203167
0.884439814556686,-0.126880141986163,1.74004085660741,0.920350211060622,2.09679730850107,1.59533329163418,-1.26826088317057,0.209402761680678,-0.450033650649715,0.461563747642771,0.758676341286105,0.471553852643552,0.37689166741103,0.843326209447326,1.01007379821795,1.08989735929202,0.960832279503904,-0.607277600647734,-0.841385083706541,-0.0789782555831664,0.153951045837204,0.421805456003739,-0.0225615531690835,0.79166903344958,0.427486559868072
2.15815329255321,1.58229168249619,2.71948030757747,2.18609717591897,2.26204235815172,1.92527114755643,0.242961879804994,1.80701676067045,1.32183222077151,2.41036861679942,2.62776312244316,2.14322551344057,1.32412487057613,2.39779593826015,2.21665673851223,1.41006426010256,1.57190291017551,1.41589421707315,1.18965902169373,2.2296383081345,1.78376900264058,0.98840832585293,2.00479169318535,1.82411271645302,2.06930013986923
-1.05098642201051,-0.599318970453766,-1.00370307883642,-0.697501826377675,-0.237164563137952,0.0640508671295663,-0.912116690464956,-1.74396506083298,-1.57108261923381,-0.44998779426578,-1.06757417846384,-1.18122297540054,-0.901568465443631,0.541531488434742,0.340658419976734,0.0642672456646949,2.02902170698414,-1.68766657431661,-1.93194043131103,-0.658581259605995,-1.14596548771109,-1.05392968059081,1.1709990480127,0.567429696246478,-0.951394725332818
2.25103811250645,2.40300528903362,1.6911512133604,1.18706284824583,0.630739409465377,-0.00771584149080695,3.54407862388064,2.28229502212901,2.70237991618441,1.66299336970289,1.58289867767434,1.15231919109519,0.700128161120659,0.49774096999036,-0.129513378747873,-0.480715720166671,-0.49585987633435,2.3957275603093,2.87557775943066,1.3107637354199,1.0871813854817,0.390625110457449,0.0507892102429537,-0.149012631892958,0.927911609025955
1.8945690870558,0.940945195914708,2.94302194501475,2.38101114991838,3.63738077121445,3.51511932162649,-0.330732848565134,0.826965578818971,0.0135641952851984,1.80871023192182,1.85316740936483,1.65785046811106,1.28917391454945,2.77239917396983,3.15788137685971,2.96496728469194,3.19610834808771,-1.01573602505002,-1.65621701255006,0.173194718873731,0.215396559397277,0.438827026007857,1.46916448103627,2.16253418764634,-0.809270518548715
-1.49990998593026,-1.19860244290589,-2.10911879900596,-2.32570398653931,-1.83944739783402,-2.68652980560876,0.0903776729243191,-1.0289106636929,-0.74462731476109,-0.56021835731292,-1.57180187568585,-1.66624480837487,-1.10944201541039,-1.5680794843268,-2.21429817452855,-2.09988459972334,-1.66953121644048,0.35900376752025,0.590318838217314,-0.591121237449045,-0.623528691167905,-0.527869654850036,-1.44325095434115,-2.0002463006266,-0.105449506201154
-2.81256347055393,-2.59385396414834,-2.22739697765977,-1.90934287602053,-1.276904355162,-0.765016793489423,-1.89224463403727,-1.75429908703089,-1.75527512302378,-0.785132588750884,-0.840362153514377,-1.02254359722409,-1.17923017867227,0.425154238308295,0.0874597571268794,-0.742559610524182,1.0745182793689,-0.399660069908208,-0.764049251301344,0.330631474939196,-0.440938989750208,-1.15377217091751,1.3977775842971,0.313516643914369,0.125255953726139
-1.2405226280442,-0.589187821406938,-1.62915981172438,-1.33989031423786,-1.81564881080445,-2.30134076013152,-0.80727413904691,-1.22930049140368,-0.747115600199976,-1.63984263140901,-1.85398474241077,-1.70475312480178,-0.912987204183992,-2.24232611508862,-2.72105245113929,-1.96214460474957,-2.86974903821664,-0.591461751369849,-0.50805177878226,-1.25720415165702,-1.34863951254354,-0.841426499597588,-1.71188923968356,-2.10891672192665,-0.660966253643437
1.27645677905136,1.39521497542131,1.11757497046378,1.21789271823332,1.08752987967577,1.0656569745141,1.43246157892355,0.911152302300565,1.04958315412739,0.746658756503308,0.611195808575815,0.737410016978913,1.06286066687269,0.622792978400923,0.659027164481415,0.902662801561775,1.02101199209108,-0.10658751363934,-0.0895769641917923,-0.12974026432434,-0.149185834602292,0.0388604835134458,0.2552150786602,0.114301411073626,-0.712539075864612
0.804544785847384,1.4247595841791,0.184329690905543,0.449649199386926,-0.662984757011486,-0.898624886185786,0.913341857252476,0.179585169870535,1.34675087337735,-1.36035865289693,-0.157400358029861,0.624516278108644,0.474562028409025,-0.769260785246075,-0.677677164841498,-0.860389180502636,-1.36942545175151,-0.739753535106274,0.812183377029754,-0.972321865444854,0.198888578045,0.849266222452428,-1.39699871092967,-0.919864024919207,-0.584133869765594
3.82871314824695,3.48290030605327,3.67759833941975,4.03832774812753,2.51140827652353,3.33522144177928,2.35037705082942,3.07792363424076,3.29122424681185,1.88574149698579,2.93510871007877,3.72541502148604,3.86311049853379,2.34271628258867,3.3912969363308,3.82797786491102,2.64648337410725,1.65778323684253,2.52648054141056,1.4101750479206,2.74475014101876,3.19155720603845,1.47599357373406,2.74627687636871,1.34564188908601
-1.6214756499391,-0.618361098570631,-1.88351790135832,-0.823919634972867,-1.49063105582243,-0.365242428822967,-0.0254969151878583,-1.45639694669092,-0.92045930577217,-1.85029661056177,-1.55523273146565,-0.818279637861622,0.0813267625323988,-0.865958342539926,-0.00544684776403415,0.655532310071067,0.32519102327899,-0.988978379180622,-1.12220055396062,-1.15689410079216,-1.03392801129493,-0.610180696955808,-0.469074838193194,-0.250578587625114,-1.57897160713327
0.843065310123194,0.799860081624757,0.452122927363632,-0.0319108272863957,0.039883147073283,-0.814445767651193,2.06580983960814,2.03504976656856,2.03406120884605,2.23423314399238,1.47641451309912,0.794780973115707,0.736527853514133,0.814868938728495,-0.357733371772895,-0.563346901795626,-0.631079001872763,2.75649014054275,2.77169791734224,2.68127017663409,2.09504153976121,2.12371368044029,2.19724077491904,1.23291595107537,3.12425307126827
-3.08001755887443,-3.96135347060348,-2.25435781315994,-2.87908287894641,-2.49888878374279,-2.99082488168577,-5.48968480969415,-3.06330834469262,-4.22920641978541,-2.10304934407259,-2.63380652376594,-3.14079245028239,-2.9675364267033,-3.32168781648573,-3.37072637359088,-2.96617471288471,-4.44187244591612,-2.24895152693344,-3.62988838042327,-2.04134362541978,-2.67683455442221,-2.78565099748639,-2.78062869923966,-2.83389651106052,-1.89648661829116
-2.82633021383975,-2.82979182249704,-2.2397733344566,-2.37453473905026,-1.4619113918406,-1.65717404174558,-1.51554977402301,-1.07418927518918,-1.03992057843726,0.22844309925938,-0.594314651593123,-0.742266706706857,-0.544423943047946,-0.338536724530087,-0.507587030552628,-0.218125169195105,-0.668835100426321,0.0280478894033251,0.512175464481146,0.374082210495374,0.604908409132065,0.524630659963151,0.14578883947263,0.242023196156566,1.24201170813572
-2.20125953616341,-2.13254855654824,-1.0942839789584,-1.15559573388768,-0.354629285086247,-0.643871597542983,-3.48271747852098,-1.91071248069622,-2.50044372354037,0.0792687826566407,-0.48994464289126,-1.52335668497983,-2.33923794024895,-0.300683959485013,-1.44837293870597,-2.70672332117982,-1.58688640604919,-1.34235954865446,-2.32065369552612,0.200626870693412,-1.45306604748646,-2.6632968921333,0.305354996543798,-1.38909879569096,-1.11719682729918
0.112752329271189,0.626591600762708,0.841346343477824,0.964676462541632,1.2537417261745,1.43042052637131,-0.019216258954259,-0.389581366757625,-0.203326234648614,0.530979448801901,0.366788020615843,0.343232925919267,0.079085932241469,0.973666087895168,1.09248224505848,0.83556003656679,1.19427831303591,-0.594098902314414,-0.807269630633527,-0.513619660661163,-0.537143439385886,-0.540349753777576,-0.134257481882969,0.0700046828012262,-1.51646460284164
0.304599168101987,0.221563111209377,-0.531894677559194,-0.328582164143739,-0.931853966710179,-0.616848070412658,0.635949570373725,0.469832509435719,0.233977434443119,-0.182139987817266,-0.221789049487882,-0.259750246001119,-0.339551989828465,-0.488993905291665,-0.427650801801775,-0.28593923031363,-0.0632538851419326,0.342652875240589,0.25570744379749,-0.00925695761171141,-0.0163351277775234,-0.0815830639279511,0.0246715785067693,0.0737527475234288,0.277805352109368
-0.555235639444675,-0.936631556079902,0.660635565402714,-0.0366997484573801,1.35053021449383,0.468792676418417,-0.965887328994427,-0.482291810385703,-0.327568324702924,0.135567557148931,0.254996257971726,0.246813107056454,0.517782858245965,0.479925557895569,0.337416837717257,0.238305927019695,-0.227669304827231,0.0984031592329018,0.274083692715323,0.478074218829931,0.498210612470331,0.587109500346088,0.114170423005305,0.0433967741078902,0.68696436700742
3.808642424818,3.00104884277479,3.97221161008164,3.90182427710624,3.45750708571364,4.27637500675479,0.584169961482019,2.59957679918995,2.20626939526548,2.27022563829067,3.8542968045476,4.25799653573733,3.2579060827085,4.21221660053504,5.37198837572322,5.0077671636441,4.84954016486586,1.31833443319357,1.32157792919261,3.10316986756831,3.84433867361616,3.06894998224277,3.70314974689089,5.12450189258266,2.81514991183303
0.307369224246997,0.44823910697886,0.1865426477342,0.554836194709821,0.924264771186927,1.38688169770788,1.08182760682868,0.831483691361882,0.412677967046136,0.313812167531466,0.414179445352488,0.528626568236632,0.441569663466822,1.03287332478058,1.58651485794297,1.82005211663889,2.47367508700373,1.57745366837091,1.12457508852827,1.00665431738486,1.11437619514581,0.954855812243807,1.32845439789475,1.81495673665424,1.75718028336263
0.595586937282633,-1.1418152869208,0.18439458175007,-1.34201737707022,-0.0388673803165602,-0.887728176432717,0.475817192334006,1.23777456388643,-0.414454658540961,0.848022714222168,0.382013682887759,-0.798425442401935,-1.98919327408916,-0.0810788373319724,-0.239865350551696,-0.777302126864129,0.665364875028075,1.89769801899459,0.559963246353931,0.782381661175293,0.0402773028563388,-1.14939473342906,0.0134086817978982,0.552659795130097,0.339691040598836
-0.594331542310073,-1.91287600771958,-1.39967967836401,-2.58992937634704,-1.73296988417655,-2.6681363715953,-0.590914374524147,-1.3480295605134,-1.87175678402616,-0.232344806444672,-1.95994972032699,-2.88348855347459,-2.49436519631558,-2.26507052233151,-3.34914645788305,-2.82068290866573,-3.04439714787711,-2.22590885597899,-1.54148089871089,-2.37748980964588,-2.47937780241745,-1.57369924836533,-2.13375520699091,-2.77008284558951,-1.5001534009439
0.31546044881398,2.0813994316288,-0.398932914844039,1.46374644966795,-0.396561467290411,1.37480412103579,2.62049109465988,0.116259581904586,2.03698418363112,-2.63808236523093,-0.758631876651009,1.45911172456073,2.98675539939117,-0.611663616058195,1.52615201361229,2.49928984145967,2.08263240902389,0.0849718410798062,1.74771665698646,-0.741760083294679,1.32431959984942,2.76284007240488,-0.659540765774892,1.33079948736929,0.826692466161091
0.734583646348483,0.603726867962877,-0.465697953123879,-1.03284885192454,-1.24942948297243,-2.14567960137617,1.81639300801123,1.09453812169946,0.539608814788295,0.977716037293163,0.356807854956031,-0.716832098907219,-1.77844138456121,0.0973477461415371,-1.54567664203418,-3.00206538172276,-1.80885545268333,1.65504529917104,0.934030220707029,1.21799857147184,-0.000443899488629995,-0.846196311930811,1.1832058576137,-0.641079263046123,0.699392680724031
-0.97163527441279,-2.06053266396589,-0.35791385556189,-1.55428571021352,0.59696298770848,-0.559524269035933,-2.902826431047,-1.79563381212637,-3.12702922369303,-0.169670346266798,-1.79904079005718,-2.87075062580362,-2.84523193561961,-1.271830099585,-2.09055854913419,-1.78248723760561,-1.24610893448715,-2.13396601880905,-3.28609503746665,-2.32929475475211,-3.23363480642658,-2.94111154123897,-2.01859171791693,-2.73790943275083,-2.93145347433162
-0.396306991279289,1.12839433751907,-0.880931537032694,0.430467511101767,-0.864351243007405,0.0529281487342814,2.50063731574986,0.78455715971478,2.21458477909434,0.154423780131282,0.511134716296596,1.56677084963187,2.69932606304559,0.000345098470575067,0.558968257563237,1.70970044604323,-0.512799987406936,0.808575909679689,1.816366241617,0.909673079375636,1.55864295766227,2.45223483202062,0.4313476342314,0.605666239769846,1.14899227099252
1.2329136293904,1.59710980317843,1.84985517752747,2.29877984951776,1.7696712921049,2.39593708824165,0.498894332475032,1.01549986471858,1.36936853648197,0.64179510419271,1.48542056629589,1.83603047174716,1.66156505514732,0.994744946368598,1.43040972884836,1.76514081032033,0.647617471349434,1.1721663283995,1.21685606520694,1.44057606750084,1.47559132791457,1.1467002333593,0.775720187430466,0.846658996913106,1.54989210621846
0.928551121917621,1.40775449206498,0.64798128888458,1.02919068317937,0.114860043483645,0.177958579113465,1.29898665679389,1.16367438520552,1.23250775679338,0.71928592738459,0.442500673174976,0.312079533969751,0.0921614473669194,-0.690598018893013,-0.965439358841905,-1.36878162148832,-1.80497448144493,1.12032152610686,0.734206999197625,-0.0318655200154012,-0.436251905209332,-0.56293648678016,-1.53502430881039,-1.73690463660009,-0.71665527759373
0.488299992045796,-0.404629547284543,-0.00723048574303675,-0.771329120943022,-0.355519515248801,-0.88460700904659,1.47058311190617,1.51221924757604,1.02011389693615,-0.0124881930334197,0.909120640539044,0.694859142432705,-0.171895864034127,0.717098293559246,0.604698791614283,-0.172510558438887,0.466926526829923,1.42502077305082,1.19225035682595,0.845788562114819,0.890266065953966,0.438908031605308,0.764448848591712,0.77267529790592,-0.000714104142815586
-2.67809112531148,-2.49707716081957,-3.29337210274895,-3.23340731562385,-3.33056308937361,-3.62813724587963,-2.70339099016633,-2.93949680116441,-3.13537893627591,-2.93734712196226,-3.36239800177262,-3.79702405520831,-4.07980153182521,-3.20699287268954,-4.02044679900547,-4.44568121190204,-3.15201634547972,-3.77281165936449,-3.92836828854738,-3.82903036610338,-4.27668174822728,-4.60280242879637,-3.14507185706375,-4.10716514536938,-4.34196207635213
0.134453848090487,-0.670968397228194,1.64186893421206,1.12969824687281,2.36057963002196,2.28276154343914,-0.89173591985292,0.488403485542108,0.16445210105519,2.04879467761035,1.83484936880441,1.72157279118247,1.70369270421637,2.70628996620133,2.84772149741889,2.7695238990475,2.87327160725465,0.878687743522534,0.982452831370949,1.94558592503478,2.24774406348322,2.31063854006976,2.60045529653658,3.00098701469312,2.5880664767426
4.41043163367911,4.11002207485092,4.19250535164042,3.84908673560943,3.12730025382038,2.65540538345928,2.42041231736195,3.57651267748378,3.27722279970726,3.37222547102994,3.57623627464409,3.12681450016646,2.20387725980098,2.80788952536315,2.22993273096364,1.36037468182954,1.24284950524307,2.08632579167906,1.87594122765799,2.23379301587917,1.78659070178082,1.2993491916011,1.71039715335831,1.12544775278772,0.579961705582576
-1.81964793622663,-0.95374553439396,-2.12744437725596,-1.3617870934394,-1.82247674701529,-1.38041208902899,-0.314911679593422,-1.70139207296754,-1.35234792786341,-1.7598317226134,-1.85552376675196,-1.7839953340623,-1.75831529764906,-1.23894521931189,-1.40787984167844,-1.77471685368971,-0.365305613573298,-1.32651609905406,-1.28802394823364,-0.895065327369593,-1.25220576523759,-1.50647160578902,0.348653622055593,-0.138347502926536,0.340228776373749
1.78951030978448,2.46095738934116,2.43248616283353,2.70765664176534,2.25317368157678,2.2761022491668,0.6584995506241,0.459099290633105,1.21084857952786,1.32319360056735,1.49302823987964,1.69350180942979,1.62430456233855,2.25219472410873,2.04219182066481,1.60376617843491,2.20994500183141,-0.303074257493876,-0.0406782841514257,0.797951628638458,0.553446868468257,0.193333878084189,1.88337013648825,1.32117132851579,-0.111195649050245
-3.09167679206411,-3.38170964435855,-3.14679604386743,-3.24058607400477,-2.3277282741638,-2.38726488194877,-3.63565308935043,-4.4129170964722,-4.06319916484844,-3.67692906208885,-4.06981629427963,-3.71175812609883,-3.03759032185414,-2.97733664602424,-2.83634446167471,-2.34592072801576,-2.02579039958195,-4.94474252764223,-4.03575998235024,-4.8712774048069,-4.01180410988155,-3.07075799496289,-4.27376295340528,-3.70541988410238,-3.77539137606655
-0.799415769101699,0.435920017742035,-0.717695054393289,0.201567212738638,-1.80638816216094,-1.45306454593825,-0.127065184793281,-0.651300650526025,0.432411019935699,-1.92511833796627,-1.05032563621873,-0.222194855701474,1.02642338206346,-2.4102851890452,-1.93219369799351,-0.897747133442209,-3.13103760526269,-0.0958044946868313,0.638402613578535,-1.01235473195484,-0.453983918233632,0.478862636256878,-2.55033883466905,-2.15932451418047,-0.174099247867389
-1.16411545000193,-0.922075403392427,-0.792276890312166,-0.648147488278767,-0.797450272011304,-0.787570559361797,-1.84950004989372,-1.0051850200459,-0.572569711589693,0.0601384861589622,-0.500253134429812,-0.270277611485994,0.0891564933945688,-1.0062599131393,-0.904985759987511,0.283989300948292,-1.37319265143242,0.25453616124193,0.345625129061773,0.556721377129747,0.317035983587601,0.129306789598189,-0.280291263146552,-0.494960452734688,0.0994380280548341
-1.34061833830518,-0.247798955987577,-1.13187076365153,0.300331372979059,-0.244180758427404,1.25908627191396,0.773782911826515,-1.03290763567918,0.277376172608314,-2.21732671441046,-1.06428978083363,0.681745168553306,2.11466251154087,0.203607243680551,2.11571264707658,3.33288131128114,3.31222595400573,-0.510695389074328,0.4977415352067,-0.982194168412605,0.55350379774174,1.55519029311154,0.160493326981822,1.94078132168337,0.424455272491258
1.8955245967762,2.10256033889453,1.96419555679574,2.25372970453182,1.91134189848717,2.3522551700971,1.03061211054754,0.931397915105379,1.27537986961823,0.804865769640713,1.43709828063072,1.81375701305416,1.358228932163,1.72516659524584,2.01422889932653,1.39373047238504,1.48121591134674,0.557540768847844,0.660559538937548,1.24121814093652,1.27670519803991,0.662636318297814,1.82206892814088,1.63478135643399,0.877464661553688
0.390415133559145,-0.00970886157779205,0.300007742751376,0.535897334637127,0.606466499072525,1.2055675827834,0.285619914984949,0.0619099854618526,0.118546725357248,-1.02486890947361,-0.547222906655293,0.278985308442572,1.0727415903813,-0.373330924351706,0.681736350256955,1.49276713295859,0.85962065793106,0.312388574847347,0.402999441362425,-0.69130028576177,0.214527876884148,0.703899949871101,-0.7370820355776,0.409953377664181,0.359768195836637
1.37499645591163,1.49242529411379,1.63277141832677,1.72375246883399,2.36052981824133,2.51007342634603,2.09014796740144,2.8459540066784,2.5729939418965,1.33845490243667,2.64302277643242,2.90466993216486,2.75497008884059,2.52042461871415,3.28157234045599,3.16937523350674,3.39927298706539,2.88394148876137,2.49690695028823,3.03505848251035,3.32012954835992,2.91219087049592,2.81636527835914,3.62358951479399,2.56273063198736
-1.6835396181072,-1.54582371644833,-2.20879231276388,-2.15425065790399,-2.00952261088784,-2.07968724731847,-1.15831672453066,-2.3653381335439,-2.24378126757711,-2.45124870307475,-3.12805879535097,-3.13090646090731,-2.73712156064497,-2.73550470139116,-2.73293521106118,-3.0165642360426,-1.06303150407481,-3.09140848344472,-3.04666906105123,-3.67543853615848,-3.66249276413919,-2.73796020886218,-2.93498059158532,-2.72479100489136,-3.53670049384635
-3.099725408072,-2.78639640062602,-3.577132167581,-3.06195777436523,-3.04364068851271,-2.33568166543469,-1.47948386175841,-2.24444796152397,-2.43641240087175,-1.55140622450821,-2.24077418365761,-1.97643198457004,-0.86975823155106,-1.72852786861361,-1.01016733969382,0.313442414873208,-0.620452974220342,-1.598371668927,-1.87417612807138,-1.71833217639863,-1.27897584745597,-0.153369994894177,-1.79655369547726,-0.725884260651043,-1.50880252147073
1.85674257583852,0.268053631259107,3.03480306108011,1.25092318874312,2.59123686132008,1.3472495176234,-1.81795337723418,1.61763343653286,0.21235225862776,4.13779962213951,2.92837052145165,1.18068106756323,-0.312420371548143,2.52887486298488,1.18153927441637,-0.229524824642851,1.2555135015505,0.806103520421402,-0.0157249084668933,1.99069149056373,0.840892021831564,0.0439727926951718,1.93117154870239,1.12094272891946,0.132925950679549
1.08067616401823,0.717234690449487,0.203472082968688,-0.577014805007508,-1.62844159122079,-2.46792519864687,1.02181366084366,0.588943561928062,0.230288732739695,1.09265209870227,-0.27265237031483,-1.1623644053102,-1.01559702788128,-1.92852680761436,-2.99547811661409,-2.7888558082617,-4.55380369529095,0.0469309824079005,-0.210073446941038,-0.294119519113082,-1.09769202252738,-0.78328131876637,-1.2164732642689,-2.21509244910217,-0.584784659967994
0.170739029624741,-0.556193104653261,-0.210570934637047,-1.03131005413636,0.0455880062343113,-0.637406332074022,0.122714667506813,0.0223162945160595,-0.826333230872223,-0.583043835788374,-0.950471283608152,-1.49348979188383,-2.11187928073005,-1.1623407828437,-1.44872903685487,-1.66266911502223,-0.98485304450486,-0.0057785979310836,-0.408969810094533,-1.45893085096463,-1.31584379515539,-0.881326759710504,-2.09938396911292,-1.85914970742988,-0.508634635747086
-0.957556444431361,-1.32249714297899,-0.444320315143557,-0.804281421480994,-0.57710900176528,-0.868660017480323,-1.82828200775924,-0.0646511656575797,-0.78563330685239,1.29815172853682,1.16595876630694,0.0661141707101081,-1.4026128146289,1.53480403905937,0.250510034365959,-1.31880724209262,-0.0848896638085535,0.762265310202878,-0.169685280252651,2.59570643134754,1.04833984867699,-0.970340895540261,3.49445590951476,1.64149251524546,1.22265575150055
-1.95736102771022,-0.718204040357733,-3.72387294369409,-2.50945870658316,-4.53951883811661,-3.9214577293032,0.791776046937088,-0.872918751445297,-0.0678277205424536,-2.28242451222926,-2.61298807625565,-2.07101401247618,-1.0558716394695,-3.33037052725692,-3.45918079285542,-2.67255026892141,-3.19216785822573,-0.433998873863459,0.196003490354371,-1.87592768361301,-1.82484489777107,-1.09601565037647,-2.23462647426732,-2.98615350295799,-1.69083616724134
1.65913810813745,0.210905626995725,2.22630558886482,0.811428597322248,2.07388895122116,1.01050702623428,1.36951566603622,2.39995720141059,1.60117821558828,2.94413548292019,3.22069785823476,2.0692828752681,0.635390004051516,2.96193654319796,1.78044193096372,0.411958397031412,1.13641834225891,2.95449480076408,2.99911645925704,3.88832947852185,3.20703987660255,1.55124769570497,3.309554655472,2.10586478078562,3.68026770807256
-1.40875165100945,-0.337947709022671,-1.10648440493478,-0.157889008188079,-0.499198785871897,-0.29702890734734,-0.800390002711367,-1.88796232225005,-0.968259968585585,-1.60220848255872,-1.5381486015402,-0.658247641891279,-0.0236510062258048,-0.921673675242715,-0.548531988429914,-0.0954596582885472,-1.18709299508217,-2.13980136919059,-1.44798982996306,-1.65849040668579,-1.11812445576305,-0.633520954864792,-0.954145996062721,-0.750207339222641,-0.985206661491929
0.949115182379728,0.227940483063577,0.788761402251509,0.430498921182675,0.403133540459805,0.323536361906463,-0.428046331520932,0.832946472278991,-0.184852402984461,0.980956691012238,0.527434866355009,0.0265737442587124,-0.367326159025481,0.00959474235199309,-0.128383876931395,0.136716265977867,-0.665802681760965,0.923024923934378,0.219576885726923,0.0836420116836791,-0.0953678338921122,-0.117872693217407,-0.919346242526331,-0.81261936409166,0.358721176094576
0.730277861952942,1.26680567932661,0.160174456517012,0.719023410903986,0.250891753769309,0.798517481036868,2.82504727499258,1.15472246794681,1.86103734855942,-0.549944290559694,0.594514318349439,1.37163671772259,1.64856312946068,0.278312583115053,1.14420212644532,1.38581180385827,0.385983583453168,1.17060789634857,1.80877668470077,0.969924342515412,1.80110658452526,1.71892240064275,0.68130803243983,1.72428381762001,1.25243930626502
1.52626338198883,1.00625671956502,2.65919794428473,1.89772081417965,3.4044928981906,2.74342229886736,0.267624122801237,1.63440391351079,1.17107606423448,2.19723668545225,2.69975292096242,2.16656381786669,1.18964524282194,3.35504611938055,3.05787536293818,2.20867173841566,3.39123959397565,2.77979344441613,2.41118325285305,3.72963145317482,3.39577292457935,2.67612414631873,3.88623821141701,3.80011031240522,4.59482464492729
2.47996646042617,1.63406820566067,3.8559247639418,2.78744789302138,4.35376040688055,3.43863399268372,0.412714109957221,1.89102155955527,1.02411611817854,2.79090739002729,2.65495672553328,2.05419264032935,1.31154608083079,2.53773926374157,2.44323769264332,1.86825203271539,1.73985636524696,0.612545263714225,-0.0925392428283374,0.749363799520694,0.721977917963756,0.676725514195766,0.0886781578199987,0.671080707224689,-0.388484877848668
2.1685552090259,1.92908153844385,1.72018562568508,1.79624607031974,1.03408420604299,1.64446268187956,1.12235431808185,2.16115149100071,1.94350262355815,1.42146090857892,2.05336880246614,2.09153802532938,1.48072935246606,1.73852787737269,2.32241740837335,2.46064649896087,2.67997868792853,1.49845392029857,1.17508366090482,1.63191928566016,1.45528509201509,0.393303100013696,1.622102127278,1.8944325466712,0.0698556129478902
0.358043390188499,-0.0320607837079763,1.10114720468019,0.520003182877929,2.29630339101126,1.75107981529837,0.902935785637283,1.21150137650213,0.657381375886757,2.0730626281744,1.9962117319252,1.26189586461004,0.555630608446734,2.84428281776107,2.21468171287259,1.25484355014882,2.56026206998288,2.2894748780808,1.5140546180109,3.15462092270795,2.17946245972215,0.906189495574409,3.41193956278454,2.60255915083431,3.1041754155836
-2.19847357420403,-1.89973580713084,-3.09536503627169,-3.20006926544679,-2.91108092896786,-3.61886677403908,-1.1426513645807,-2.83366237094222,-2.32971723982917,-1.7549452072623,-3.23614771567142,-3.47231172114058,-2.55257205656193,-2.76826920170751,-3.83811951456622,-3.77208201049271,-2.84793625273801,-2.51622673940415,-2.2297535584762,-2.68581489809819,-2.97299026782377,-2.18784717579638,-2.17862922162232,-2.91396980528702,-2.01334466793304
-1.06256505316563,-0.661746913178206,-0.250140678430967,0.422880991631757,0.543414436613119,1.58251552736536,-0.412714444589,-0.142650185069044,0.521832182287994,-0.786725030661103,0.702427023097499,1.70487036366677,1.97072657881523,1.29695125751525,2.63871943530179,2.9312001970082,2.63683630351153,0.429698601047306,0.896869954086185,0.964044287546443,1.75907704129145,1.75646427399428,1.38075882489525,2.45585040877094,1.03902347887274
1.18272376988594,0.231455367752829,1.51863453670856,0.785852381693445,1.36068520468953,1.09343618438453,-0.268737836717776,0.667196727634575,-0.0922376948321642,2.39462245110062,1.40561232020119,0.740238711626603,0.901642324261104,1.80180938522614,1.49182119816081,2.50620275194365,1.2613912936996,0.519609106674949,0.00904578382690602,1.68919116388599,1.15159244042346,1.23577010797035,2.39533565043317,1.9767583185039,1.79584598068692
-0.461211123757749,-0.859986557878329,-1.25943573870018,-1.26031090847968,-1.21662951630429,-1.22282067589558,-1.01177196174578,-1.2690805644194,-1.81472856152229,-2.34348540408041,-2.35661249770126,-2.37685658439457,-2.36899664336724,-2.37263641571909,-2.4772186865508,-2.33036477451668,-1.90770488363086,-1.7138122724694,-2.01391281866734,-3.04765331120961,-2.73037942620144,-2.50947266100658,-3.24145019320991,-2.98647666569948,-1.98779769578016
-1.06987562423109,-0.320778172696009,-0.954279270709719,0.10135687991135,0.136145961112817,0.42675599915168,-0.925340544448773,-1.40223685733793,-0.994138245622338,-1.98623799820933,-1.72884362971715,-0.935974760725003,-0.142870957524707,-0.842724316380554,-0.61866646150574,-0.473776791880795,0.177271493301731,-2.05373766684198,-1.71617132611976,-2.57676870537193,-2.03047793823572,-1.11917732900852,-1.74529799939555,-1.71248221004248,-2.76907652477004
-1.00004849664251,0.0109688262635643,-1.14129779274185,-0.458142156583136,-1.90881609323469,-1.37572024046821,0.719298449751534,-0.171532665977253,0.709213170703521,-1.44468303885014,-1.008185241277,-0.474814870026194,-0.126235885151772,-2.49293046606684,-2.06669501456102,-1.45288874663345,-2.98218437410253,-0.0135596436811056,0.860806744469329,-1.18511630794995,-0.412250551167176,0.205078457375123,-2.69350282356223,-1.91978838289245,-0.221078661399304
-1.20246585186663,-0.241757838802073,-1.90411033085988,-1.06230298464237,-2.71135857149105,-1.75510250793263,-0.0331117826145544,-1.33439466914768,-0.193071269086829,-2.33045264229776,-2.25348096075302,-1.41039549041335,-0.639352497669051,-2.89396113639162,-2.13644033012193,-1.45694188689379,-1.32057156501313,-1.27082563901132,-0.356955826212442,-2.44635315998306,-1.92150863972807,-0.949608780092802,-2.86031136668296,-2.52005113413134,-2.54654708606952
0.689090051668785,0.546780710561762,0.589833688014551,0.287125200182089,-0.443922060793739,-0.763422186001378,-0.24447618342117,-0.109359276549299,-0.0945253303010816,0.802173485118772,0.580646021312816,0.394082234602934,0.186990793240597,0.580630081360113,0.294465291454088,-0.506492086492528,-0.469934488172214,-0.663113600301074,-0.883475238119217,0.673587138922812,0.100468653319865,-0.30148387395846,1.49955647838655,0.836470265449265,-0.364084446952575
