-2.9730366088931,-3.24865395919406,-2.74275674624934,-2.76164817518949,-1.54433348891789,-1.77514694467862,-3.08935227716432,-3.09418504788871,-2.97184841754876,-3.09580526249195,-2.64895728023774,-1.7175325734236,-2.04692010574405,-2.06939796132332,-2.00895627576924,-2.32016595671865,-2.23314938996504,-1.57882805866174,-1.95031347607596
0.749627168069168,0.226812619267577,0.320800761582149,0.266262287776868,0.2265936321661,0.778901009817247,0.34117967053129,-0.36120258132749,-0.266196493243285,-0.34964615618415,-0.379005395041617,-1.04894980564706,-0.493423175223683,0.289890249722305,-0.719021925968264,-0.869829563549814,-0.708057167597929,-1.02431735415581,-0.180053570508221
-0.266396868994178,0.515827170854408,0.346769414683536,1.31898468621432,1.36834675039944,1.88039742216867,0.190322567245801,1.65985015422154,0.320833098231333,1.98302664726566,2.84686370901957,-0.0970428467269642,1.38519290013269,2.40067453365154,-0.386481075666751,1.44938274046731,2.4865411576163,0.585554663076067,1.88984064798376
1.46895631895924,1.92053276239309,2.57989145931413,2.709763780304,2.90606428055679,3.04143864704332,0.918665329408157,1.38826031268411,2.2479981209047,2.33773910179528,2.83260253908441,3.04205860189055,2.92900689594779,3.24820986887931,1.34077636012037,1.07220957794527,1.62343270349234,2.17191972934828,2.43801209841084
-1.69042944095955,-2.12344135182153,-1.35866684638376,-2.33240664727217,-2.00562597705542,-3.44322639460592,-2.00970560364993,-2.29963705048502,-2.20597004358373,-2.8009265703275,-3.26162259283339,-1.47472102754296,-2.36689152159622,-3.51854058204194,-2.40137766626975,-2.33160618601488,-2.24483237216677,-1.94132312669274,-2.63734377095369
0.715086224696449,0.706001309018347,1.16309086725468,0.88386273857742,0.727106058383498,0.362955038619759,1.33402006821817,0.908222989462388,2.46599091665655,1.80008058583618,0.678152686150611,2.41027579535029,2.24322398405462,1.09322039586101,2.81926364512762,2.02270128954632,0.678515665750325,2.61192920325752,1.29710365948804
0.603736570405857,-0.0128528190139718,-0.673430285096856,-1.28778169908739,-1.75728093947208,-1.78345688030856,-0.108651216094188,-0.997443165232568,-0.837819815717324,-1.83020888929869,-2.18608514092872,-0.30299853743557,-1.64024298143232,-2.22246363214839,-0.619273951749278,-1.70423768905039,-2.06610848355368,-1.01383273183305,-1.75190436817161
-1.60784381609747,-1.1387867069048,-1.08280967377414,-0.570148666871972,-0.393721575691529,0.150619159107009,-1.07538855484734,-0.908624844320485,-0.772643762533363,-0.427020321013828,-0.201712512792568,-1.31696931218301,-0.547066932768928,-0.161435432246208,-0.524081978765338,-0.441610333982567,-0.548692288891061,-0.684472838929594,-0.398939429003349
1.92069408324392,1.36260367404876,0.489563319943983,-0.0825785721244472,-1.46093678454378,-1.94273782089871,1.72391140445856,1.44152825500404,0.936097418561616,0.468554012898551,-0.341033709844567,-0.035572446119005,-0.972553461565354,-1.69663617858589,1.43138736363917,1.40020093356461,0.911141312774561,-0.10758970383705,-0.663310187955801
-1.19197110493846,-1.11589433030187,-0.226780311255823,-0.233183227861673,0.189655206311443,0.186122740460291,0.398001683651131,0.624446293557185,1.34681648692248,1.41313678793722,0.927282672763596,1.32180412849917,1.11595943658335,0.819503173057512,2.38621680549724,2.39825143749763,1.61510401390134,1.50078993349453,1.01974144417227
-1.00912053258799,-0.864318279291211,-1.10408819340677,-0.642960412315233,0.0174703094233166,0.805761447235881,-1.1681319810931,-1.00148377084003,-1.54766991878859,-1.24105484362721,-0.438312125576601,-0.970578895729403,-0.745826742223528,-0.236122511919177,-1.83645142055875,-1.22255188483609,-0.421229576157486,-0.716151756462864,-0.214804531903525
-0.0790101407656891,-0.114649313676495,-1.24937628073829,-1.10823632544941,-1.52969254975932,-0.864002443016915,-0.0814632545737481,-0.162444620011826,-1.48918312755833,-1.28045084866068,-0.385283793116201,-1.99345095607288,-1.75656814740853,-0.687456230082972,-1.3052068969121,-1.17119487140508,-0.520053921119285,-1.63566101358361,-0.762468148968424
1.16115802575294,0.744800868603022,2.22575311704898,1.2752312185651,1.48526357721784,0.545141711662666,1.34388910499783,0.485341926058112,1.81850896597334,0.751980694750159,-0.234456487545316,1.41772755394879,0.714667846253178,0.298800417825561,0.586220616805605,-0.299913974938335,-0.758621458433993,-0.496354411810017,-0.252347188062146
1.22370094491251,1.21967339751492,1.24785942065427,1.22243114496757,1.11735246731567,1.33353142121862,0.127320430040783,0.000128750962630875,0.435987402983073,0.313351802492093,0.602611150927515,0.460319424283938,0.60183784114389,0.877653810300302,-0.0011261303648098,-0.11226310029943,-0.195682157101686,0.444105945460848,0.572900938798995
2.10911616611648,2.28156019625638,0.273524874760795,0.737037847893845,-0.643951469649409,0.0139357059412362,2.96864742849118,3.23532176106755,1.24583213256241,1.89132850121413,1.83320551148793,-0.624152418047629,0.393057939298615,1.05213156834631,2.52776175365912,3.33549121934846,3.31546189933445,2.05032240508979,2.56941120653465
0.601102277462786,0.676093053502228,-0.972649064471824,-0.721753625858923,-1.9782544562249,-1.24754654387496,0.504301462464497,0.17399045685184,-0.857841271396069,-0.727265965393343,-0.627128277799443,-1.86053095212407,-1.55674625095025,-0.797617835155961,-0.931037006435304,-1.22108645434403,-1.37536261620278,-1.48841504732488,-1.13855976299942
0.780054834293537,0.909926622267847,1.3983021791893,1.40665059392137,1.84885212890637,0.830203358159906,-0.295508455542176,0.619436506383067,0.399596479263352,0.937065357860831,0.946870181755941,1.01592165786869,1.11644795979723,0.427022772162786,-0.301930508326564,0.448187902128154,0.771396539185417,0.103161537538995,-0.0461672952193908
2.48226913238869,1.37517955564005,2.23622659145823,1.74564460736335,2.20159472896293,2.2029307406209,2.11647991850646,1.33860314357182,2.05257686185871,1.51060736561399,1.25271924664605,2.35887037756473,1.94842116173791,1.53739738625316,1.76645433395504,1.27518649487578,1.0921333545302,1.70150236618659,1.01726738923105
-1.47370829719264,-0.249340727087429,-1.96269642749644,-0.617662862041072,-0.722288654053358,-0.159859101005139,-0.320765173926787,0.14482975445938,-0.554245278348844,0.0547575539604281,-0.139241598366766,-0.988862267562439,-0.0190788771937491,-0.0450362397048139,0.303707001108364,0.234032489313421,-0.335845065651341,0.105781121551217,-0.254784318929069
-0.419883103423331,-0.569105695248766,1.42796603007324,1.15077324476141,2.76051594176974,1.82743277399325,-0.271941713596959,-0.342729250428135,1.02666733201619,1.02286508288677,1.24524340108692,2.54267207075458,2.55339503280504,2.05265204028228,0.592632686291921,0.714045436877285,1.16899309990916,1.84764478790618,1.94534245398151
-1.08378974616389,-0.404076723509121,-0.896428543029913,-0.792032246751148,-1.50947202338082,-2.3896860957243,-1.14125754114394,-0.802056261020311,-0.786860719629317,-0.927731601712424,-1.57199026245246,-0.666667011901751,-1.04181492567554,-1.87344965413089,-0.0953873121382003,-0.218253785070999,-0.64455232349826,-0.084816701057747,-0.74083087788523
-1.97382043369169,-1.18356466066862,-2.36278670322213,-1.78652190210136,-2.41359309194459,-1.71891487666528,-1.90664645617906,-0.797520398714596,-2.22193266053137,-1.31819364584473,-0.129968397827099,-2.35759926028581,-1.95481300581471,-1.16062910086063,-1.62605786501862,-1.11888356997201,-0.353369415277513,-1.55156092984106,-1.25113909223225
0.833403184670431,1.39830288312058,2.07294132439438,2.20123524794204,2.4206772797061,1.50852770347041,0.19850652117853,0.718153094490447,1.5824092089492,1.68043670940233,1.26924961370517,2.50885238968996,2.07789488214232,1.4102055525573,0.553323206818703,0.308993114561872,0.189031737839628,0.763862612467193,0.342878512336199
1.14671990581314,1.63697121749155,1.10671809719884,2.01575690992223,1.6746213509266,2.38334627986413,2.0102156005405,2.25322074212565,1.23820018455845,2.08090248239981,2.49998372286265,0.657559681278258,1.46274751726713,1.91927129987232,1.53861314426399,2.13690529179263,1.7128469279763,1.40292131457201,1.2991718113748
-1.94410796931271,-2.41000137485287,-1.34577267403222,-1.73026040232682,-0.573625567502205,0.317405361415382,-3.22283698599128,-3.73890499823264,-2.50478631790546,-2.92830444716643,-1.86921713090933,-1.22333636116389,-1.41294152062227,-0.302846284326876,-2.99844546198582,-3.20756476686415,-2.19017801162855,-1.8501329290132,-0.827211810657502
2.04620031336313,2.16109684955001,2.10902364700047,1.81989246977446,0.995491770099164,0.435296734088212,1.96119914392239,2.26971668654045,2.57207545506961,2.38213508750252,1.69006003560787,2.76038919986544,2.16402934545329,1.28211857625558,2.43724606382739,2.3170064940804,2.05531255169012,2.48376431383537,1.79687356499446
-1.00158417030775,-1.77697781469877,-1.35416169469948,-1.87773240334735,-1.36934778599033,-1.13882512489539,-0.775519451097921,-1.75904091963699,-1.49734736878213,-2.18766711093363,-2.08773106638759,-1.80785721706036,-2.02888486929405,-1.51473436556086,-1.33682021677126,-1.96451974243672,-1.98585619662774,-2.15124534274869,-1.79652964122067
-0.744776184183678,-0.61956670914202,-1.2727087810145,-1.36226338369124,-1.86303555596217,-1.96228399799099,-0.475867537970885,-0.203189925752383,-1.07630603307982,-1.29507990033926,-1.77917087684611,-1.70775140653816,-2.31729097189015,-2.93978174398976,-1.01806060820965,-1.2146925549639,-1.77605877265393,-2.31940018301793,-3.26849419732272
-2.53784404333811,-2.33124779350788,-2.25097812976179,-1.84633913177765,-0.653138596813989,0.288369866051653,-3.00499443312663,-2.8181461895247,-3.10522899859407,-2.63501323993063,-1.21406969330576,-2.12247718968129,-1.62687816699201,-0.166990056087684,-3.75041813771338,-2.81947738382294,-0.689565896473169,-2.09738027444234,0.113717577693279
1.32231115207219,1.97698298748662,1.88900490891874,2.74061172173859,2.65475353338647,3.05265742276336,1.62575213654523,2.40114325016523,2.13527098204077,2.89723322546959,2.83895675905265,2.24035201177136,3.03655511713561,2.88314714142712,2.36271293368745,3.06950907242324,2.91739751221772,3.46917006845351,3.0299126012342
-1.76140861522717,-2.51610775904226,-2.24259958034995,-2.93957005433521,-3.30776289484149,-3.47456637658047,-2.30696717742515,-2.99782273765541,-2.39871460372527,-3.15556173508634,-3.36181720888925,-2.91178582761643,-3.55710651800652,-4.0059667564384,-2.97217677890566,-3.66890236129484,-4.02097948564821,-4.04743398510851,-4.49810079368618
-0.324944283155759,0.395326596073204,-0.12257678567758,0.223597895936223,-0.146582064263754,-1.15129317969442,-0.0490013998177403,0.625910761214584,0.2083513564084,0.842373780745788,0.624285605533885,0.207532593700847,0.613685173312149,0.176134997720425,0.212744556202296,0.807368084073573,0.642368184581329,1.14197980833268,1.00937278027331
1.26346502776556,0.630178073190251,1.50065571714637,0.871573776421201,0.728480732974191,0.220634841262068,1.54660526074846,0.88098121505692,1.90658947529118,1.07620077739972,-0.0111865275437424,1.4236139130831,0.572518250221634,-0.222773297142425,2.05297288565606,1.60327909713308,0.957721532131586,0.861524131822875,0.385219194720491
1.66745647563923,0.843371356948154,1.68977972420035,1.37839682184881,2.33468098156894,1.82453229758127,1.48194335869138,0.876572012364193,1.75405580061377,1.76545551064407,1.30727627643967,2.23824359074359,2.80485971459052,2.72666808867456,1.09769978098592,1.0088340446741,0.858907557363978,1.9942204092585,2.09653588777195
-1.75184845984609,-2.17024228213987,-1.86053556777097,-2.03322053171246,-1.43346142011677,-0.44292271388943,-1.3139134692957,-1.42298667735776,-1.88316567258693,-1.69113067328561,-0.559406638808014,-2.13265287691411,-1.63012986286577,0.0285431531805784,-1.13322264318685,-1.01165593328966,0.0852941529880411,-1.13634867574478,0.430556550985301
2.14234197104781,1.08591584746489,1.54230751003004,0.694623967945347,1.16104650406987,0.866040747414615,2.25025419454738,1.12181378904592,2.17203364638823,1.0268452974716,-0.061412336370239,2.44742173025028,1.72645940322923,1.11702522508068,2.69677757557287,1.5992273785233,0.412965063957927,2.26466578084765,1.3893078419209
-0.169989949430345,-0.741490332881114,-0.224484794825713,-0.943536654720077,-1.46620380138762,-2.39881583333596,0.942826704435333,0.189660494212518,0.408756182747766,-0.372221193560591,-0.892139774917894,-0.322634013057495,-1.23288672030125,-2.06482834997033,1.14669656311949,0.433384756216924,-0.210105637150633,-0.781239708807249,-1.38936824910047
1.64719782881454,1.79893648849324,2.29213373162446,2.45230301225058,2.23044429892346,2.03520566709028,2.04436918373537,2.02179810676961,2.82010052210785,2.86546346733329,2.53591875064546,2.29859013754438,2.47408263476143,1.95034003637454,2.43837072552799,2.55555812693339,2.13151632522653,2.38276926424834,1.83693216936024
-1.13681134019589,-0.155065624467483,-1.23818144149016,-0.331195644775079,-0.583113646590448,-0.606036010425299,-1.3880497037855,0.246122674339517,-1.65899343556475,0.00557289363717928,0.167735687900944,-1.80550374427634,-0.364417054015576,-0.134214273809761,-1.96326200618307,-0.146998317969945,0.0680146551129326,-0.446054868450432,-0.0824101786402878
0.0531663397476052,-1.13027431294347,-1.11340363384579,-2.44936508804523,-3.18971834251403,-2.99491538811904,-0.0502953713966292,-1.20338962068263,-0.719237770977259,-2.21923381131927,-2.98484462825147,-1.31465500769539,-2.58892250219617,-2.72667388932376,-0.313695916116529,-1.75170451701439,-2.46842611092299,-1.41355512717919,-1.68642754943886
-0.6350489003174,-0.460027456757047,0.0788644088810884,0.0560943315409759,-0.0907485426343726,-0.168741973499323,-1.55906345689638,-1.14789742346844,-0.768546271451839,-0.757514509974101,-0.383434232723999,-0.143973945781937,-0.581633953736599,-0.904844262358068,-0.789481933792388,-0.696025969754885,-0.506642645447187,-0.303766060871965,-0.7800857516458
-0.490923849066235,-0.250536313006108,-0.850389330567509,-0.57497612360487,0.0283307066135876,0.848392024481541,-0.419181250853114,-1.08319527146881,-1.30432871207995,-1.62586646478928,-0.866246395538894,-1.07526365404777,-1.05019360992782,-0.35151956255217,-1.19368842311812,-1.82859652389223,-1.55653015664626,-1.67130250866353,-1.22348047191329
-0.372269173181593,-0.25702607529999,-0.793669489369506,-0.577436573612886,-0.611723675575831,0.383690497638867,-1.47201917530191,-0.760210877278354,-1.60706287644228,-1.06307079577016,-0.441782044548717,-1.69278365048993,-1.23825215786502,-0.386454032817682,-2.12311958123689,-1.33017689260549,-0.813234334186234,-1.57147125165426,-0.868753466426227
-0.67082505655722,-0.290771865867157,-1.11755118686708,-0.705107494480586,-0.99572585330543,-0.334504622484076,0.493697174362467,1.29019934222811,-0.310327587851788,0.41124522103371,0.758197581816063,-0.964258974171315,-0.646204803450161,-0.0676357562956298,1.1181098354192,1.8509106601669,1.72905175508211,0.22457177951145,0.441695939676976
-2.17528749647266,-1.95270964398483,-1.08783853754673,-0.923470857475252,0.661389572214802,0.407355042455407,-2.11451158453298,-2.13705507290916,-1.16680157110596,-1.25689315825184,-1.37130693132806,0.13549647653636,0.268260838157488,-0.0128245161855034,-1.14249712155981,-1.24309710704608,-1.20612704646894,-0.268174404236049,-0.274926724379895
2.75011496671215,2.22680940683222,1.79702914536031,1.20172803851841,-0.424476137601204,-0.670510148894067,2.00174571471115,1.5215383619539,1.28093906029289,0.772207734480162,0.66692204086732,0.326732687606949,-0.390670131232383,-0.557388006616463,0.275130082551726,-0.154829293110225,-0.053852958270312,-0.398065870123077,-0.615186051254852
1.3089890132909,1.64847184949542,1.58035305638361,2.11271732402645,1.69440816468955,1.76197602170771,1.20418389752047,0.977909103519067,2.10830665405246,2.3981065624626,2.39711706061394,1.81602078524688,2.8704295594957,3.18751707523825,2.25625541571836,2.0525955500768,1.97810043117585,2.84985860581028,3.1666457854393
-1.07225737765464,-1.2517752913279,-0.310038800756786,0.016852533570642,0.670106409412341,1.07343987759072,-1.01426293502155,-1.30382581673481,-0.695995630338444,-0.502452604568873,0.0599023595760571,-0.224431568285212,0.174020923713044,1.00137514966082,-0.317331004111054,0.0901397373534678,0.950059676574455,0.298783421392443,1.30519406924256
1.14884300729784,1.8297029950941,1.35553220631107,0.845923904386154,-0.0120388774067237,-0.937422761065591,1.74660609618883,2.10745558419623,1.79883215349281,1.16264230984061,0.601793572077781,1.86213077485237,0.400930304601275,-0.493103565320979,1.22986998673545,0.281484974499818,0.0647712912874567,-0.502370550229699,-1.34879829609275
-2.96395101870306,-2.91894852750008,-3.29181719256601,-3.47258736126065,-2.77065352961796,-2.97152444641864,-2.60880260684741,-2.89594495583827,-2.86240349907411,-3.48458035149505,-3.40505339375088,-1.77867031924674,-2.60925808038965,-3.2978374027054,-1.67617034342942,-2.25545632481888,-2.59516634258185,-1.76476230510721,-2.39293653556854
2.35469410846139,3.21343637823807,1.68138838884539,2.8197627939598,2.42864847945927,3.71713097336934,1.33775307262465,2.31477913881167,0.684280232907184,1.87701168913139,2.91793226932478,0.442978915392274,1.68591153734982,2.98160953921214,-0.57516015595175,0.259194011934795,0.730015993321842,-0.0182334235742587,0.788140453357698
1.59830200238903,0.792508959454324,2.37287845186958,1.33917128202188,1.2304679557426,-0.718148248573328,0.973628600964389,0.499933198963049,1.54416536158425,0.912314755830323,-0.431982685754775,1.39977282323886,0.568110348839411,-0.896353676770474,0.318113984885798,0.215766523891347,-0.103678796270117,0.20215387702666,-0.413332885791789
0.318425570733353,0.309087633482477,-1.05894794444589,-1.10519576841534,-2.42481782144239,-2.17923577683325,0.0211187521312866,0.16001948585199,-1.18859483129148,-0.899943693609231,-0.461944082316791,-2.35879721265152,-2.07225653306705,-1.51644781305981,-1.30918684585927,-0.405630010919367,0.626335405365609,-1.16816986553602,-0.174741278223706
-0.260998535686042,0.460086651290084,-0.847559220519059,0.389903456664626,0.720686392357067,1.62322137406699,-0.119737146413144,0.773564391140411,-0.568995010056767,0.809879972884232,1.42409847980718,-0.173483564697932,1.1350416696948,1.65268950799029,0.19682847344518,1.16414115546232,1.42183756562784,1.37897145067316,1.34643002383157
-0.859890169443986,-0.0483468150690101,0.0713738448527579,1.10825388736356,2.3231371632765,2.05498049103477,-1.10699446724581,-0.418996203145667,-0.229041576201922,0.679133904662336,1.52720582471591,1.03242309158139,2.03928312079768,2.19686200910473,-0.669637259882961,-0.254236601416039,0.680754155984289,1.12208122921294,1.38788470205461
0.186154864108403,0.380302140974436,0.068324758796706,0.154756899617041,-0.479923928501705,-0.534482340253248,1.58216308218482,1.49792560911428,1.76330281334432,1.63594315687354,1.20632571245426,1.11496803693532,0.906107492018748,0.246269075592323,2.27672144671749,1.97969868088251,1.06758232142616,1.81533774587223,0.845372609858259
-1.71701751571615,-0.646167453954178,-0.595924357683487,0.0317254861599849,1.03130061722268,-0.298844965758235,-2.21830623306664,-1.32068503908479,-1.21358848699367,-0.820969987662522,-1.51502252593235,0.506015856006428,0.0495932893862516,-1.11731080785387,-1.16990066745794,-1.1776082068121,-1.75689717704378,-0.557990237186118,-1.42592200090525
3.35142150511467,3.26337630626398,4.33086085614084,3.89881676506539,2.6405962017551,1.44323774265112,3.47548623768705,3.1900559495781,3.64906200182895,3.20584715289903,1.89753497110721,1.65029994493995,1.3980567145469,0.505495978871835,2.36788323789185,1.69070830000433,0.579148980243986,-0.0890513538677453,-0.762712195009129
-1.71227217388903,-1.76234114568254,-2.05157443243158,-1.84013084483405,-1.2440699504233,-0.803008208949507,-1.20956408975681,-0.949586848210856,-0.880618620325833,-0.33730819705562,-0.122427549165479,0.18053957442973,0.707302940097861,1.0563797293114,0.0470349020926903,0.663340036856965,0.791721270210246,2.20479618434251,2.27806397239024
-0.117391769889053,-0.943482571590891,-1.00071137876381,-1.33241772122713,-1.56071432747532,-0.573375944790598,0.769173966888218,-0.505438611958539,-0.492067116810716,-1.48490092879373,-1.30095969466194,-1.64090546284044,-2.38042527779965,-1.73292017673137,0.0714691177207385,-0.972997177875612,-1.363857325157,-2.63789772173465,-2.40189273557979
0.118266494035311,-0.066221616168832,1.73488720992609,1.80853780817759,2.91425581509841,2.93418761896743,-0.220099932624379,-0.28279567311526,1.74853564871452,1.72500416367632,1.82632165987383,2.94761027147862,2.83330896688295,2.58381959646863,1.73813536155228,1.72097075760325,1.69375687843382,2.69028796848005,2.22856239121379
-0.479829438530373,-2.07524545549109,-0.47086155926965,-1.47216502941632,-0.936591845911693,-0.507715205149111,-0.305068407477421,-1.35720381174372,-0.360563428746303,-1.04048576944922,-1.18479476587416,-0.916891742538269,-0.948702438891218,-0.755725945370045,-0.49107527888404,-0.533720179811496,-0.342147129884211,-0.921008360102149,-0.775376724104234
-0.127977797780517,1.04588307877316,-0.708289176835052,0.330042823130697,0.149826733811125,1.42059888836789,0.100493463380133,0.981469765222641,-0.237945540964262,0.583942205799048,1.13893178615743,-0.242595320321215,0.522169648001238,1.25556234346485,1.06864209815086,1.49187946127839,1.39591830450934,1.58606663763629,1.82716243299581
-2.42861298613863,-2.92475622623854,-1.36435339815606,-2.14592116123654,-0.538905007407095,-0.85804575791326,-2.31881697435216,-2.45518282063725,-1.72140374641123,-2.46886778322789,-2.29328811328591,-0.92697088781631,-1.49985734157917,-1.34906691958562,-1.35297454476878,-1.99619927645216,-1.46714872567622,-1.73333712300462,-1.22897441125349
2.56902162809467,2.29732049435137,2.07180277447756,1.629862698853,0.424102278812285,0.0354323175297395,2.37771425730389,2.65932145230178,1.63747291529052,1.74857463887932,1.70134094759774,0.380583655575663,0.41488699058155,0.360625717106586,-0.436704291935911,0.333484287839156,1.03661252390185,-0.57780318404761,-0.0546793700104615
-0.686117915539,-0.429413278001761,-1.00884442811184,-0.387490559904563,-0.808600723650642,-0.333212255865362,-1.52328362592104,-1.19418807964317,-1.35332949506835,-0.519077949574211,-0.210269351933221,-0.860496415261565,0.209723377575301,0.885974617327861,-1.52513940885081,-0.733189509178658,-0.284507733384771,0.524455078306573,1.49108187605026
1.38212149185435,0.506299811999753,-0.185054532829639,-1.13752931351382,-2.30004360735848,-2.45130157973304,1.19596257590777,-0.123418939338166,-0.456922744779177,-1.48762687039459,-2.08971529694065,-1.65693126760812,-2.1694257243835,-2.51786256916904,-0.591387827199782,-1.06885552585786,-1.50785895909439,-1.37186336162029,-1.7478577779591
0.383070639035282,-0.098343543680329,1.55905993103644,0.864181716366033,1.37582746699218,0.861213745718231,0.865020149334612,0.0535670893870872,1.7563264602154,0.588527411497296,-0.365573121583452,1.63455016914168,0.59847079727669,-0.100491723759603,2.18013939083215,0.499162106199066,-1.01463195012266,-0.137997247392946,-1.2648914184079
-0.526893737268722,-0.884167446375812,-0.704190582674642,-1.20880327892701,-0.448825188902163,-0.58538618935313,-0.851322264956423,-1.19925975076967,-0.714776335945174,-1.17876581536962,-1.27835211104528,0.0790549755177494,-0.203396234457955,-0.246392584224196,-1.0416175364544,-1.52376879822799,-1.71140576742559,-0.591154828177622,-0.466129254554261
-1.56788656815337,-1.40025948414316,-1.77715793939097,-1.28701949748356,-0.358518254821917,-0.0934059686678665,-1.131485447019,-1.11455706241941,-1.06795313572312,-0.886085115089656,-0.951387731842857,0.00229594486586393,0.1331186106502,-0.0220039538170909,0.135879425638876,-0.0955587793237669,-0.836148898503836,1.12564630005005,0.406219391228291
1.5234085857403,1.40948540453022,1.67558688476279,1.31201259249539,0.262379857695663,0.190012831444847,0.916377442315479,1.13404425811743,0.812152204802715,0.903682794379876,1.09440084506494,-0.395434633497729,-0.168837824348998,0.286791965251439,-0.51849597072345,0.0684676486093849,1.04552858558739,-1.04276141290723,0.0616161671987641
-1.36978824628056,-1.36309161852856,-1.76926401984517,-2.11289946760496,-1.82354289485531,-2.45902474629395,-0.900168098533186,-1.23475784566912,-1.2558090353518,-1.79136930165427,-1.70030569381575,-0.411634248856188,-1.68357415728141,-2.5377281553674,-0.0757072332019959,-0.704804601214249,-0.972234044466376,-0.856296658135591,-1.98321218977438
-0.446503274329075,-0.679866366013499,-0.728685913394855,-1.18161668180295,-1.55621238968573,-1.59084776614625,-0.673026008930464,-0.547043704567642,-0.834505410434474,-0.834735926196799,-0.475578086752023,-1.28319192497034,-1.17892182842604,-0.726997715851468,-0.64908460136013,-0.100057405009011,0.612226501880684,0.14292237519291,1.0027461589662
-1.63871971759204,-1.34725489637941,-2.30351795101413,-2.13893049952941,-2.5425251024036,-2.30940031138434,-2.5098261674955,-1.24725371395027,-3.04396459380641,-2.04659597758592,-1.26654575694295,-2.66396537833725,-2.2630435623345,-1.74083285603166,-3.31329688551713,-1.85911393734852,-0.577850246257043,-1.66844393749759,-0.861968674256104
0.0265960683148307,0.456453319182827,-0.426297768518992,0.202870637619583,-0.574897203163886,-0.158846729416467,-0.251586389206466,0.0187480218858127,-0.979560547719785,-0.318158222637891,-0.0592165221090681,-1.62005469998616,-0.77940386556196,0.0726244179760727,-0.528190338239142,0.0086934686979987,0.285172521116692,-0.330647415849029,0.631478545027818
-0.522706228471407,-0.38575257567112,-0.637226830202792,-0.0439245923032843,0.18337475235893,0.79349562429951,-0.266418911669888,-0.0345109696752957,-0.359647883572961,0.410851500720895,0.941508708046626,-0.373157333910257,0.530646211004409,1.22814913598046,-0.192561309581208,0.395348901611072,0.73058766571117,0.58913695235151,1.24502218973905
0.594020561562786,0.49553881397415,-0.473590901308512,-0.259658163764669,-0.410075715149219,0.940602526688991,0.908664540055014,0.81286667276521,0.0747089294252703,-0.0241718747157904,0.668067397840929,-0.402264562636219,-0.594196634209482,0.230854722760967,0.440387933205983,0.233133529937646,0.622962654831582,-0.589559770181467,-0.420143169854271
1.8651077570548,0.331053858961411,1.79494230473986,0.372880609719459,-0.218557050107563,-0.532204856495269,1.59055928153623,0.130969228220408,1.70546805025765,0.122627535248256,-0.697897312346498,0.875367970073626,-0.569817830698724,-0.963834647891531,1.46722367137187,0.112052086598283,-0.790964327650357,-0.817645052546055,-1.24574727170378
1.62735830700998,1.96294880265123,2.04451141201758,1.8206899540063,0.759023225472674,-0.135640777086479,1.48571044356009,1.47812802174028,1.62799068826257,1.21366495401674,0.439347474162957,1.2381726267038,0.577294602386274,-0.216932749872086,1.68563773966207,1.09430775507116,0.540809312116892,0.913095033503254,0.299247835215112
-0.964356335045409,-0.489415155275282,0.692590611445723,0.8091887912679,2.50806577975271,1.93668981821716,-0.890448602425806,-0.779257036451838,0.232342847845104,0.0307566580305831,-0.0302183262018332,1.29372397511759,0.973109291558899,0.607929077662874,-0.497911305027174,-0.852976200658787,-1.21600746549606,-0.629825569169782,-0.673732521578557
-0.135243667032256,0.984049310432255,-0.693105288533189,0.309707456706775,-0.503549617924733,-0.226701047269188,-0.74745630166089,0.351688715817914,-1.03965863586581,0.00572767689845932,0.0722795791594422,-1.01248680037284,-0.30153609291304,-0.532146450885961,-0.919920018429593,-0.217670064446395,-0.733359503199807,-0.148509494560869,-0.962324953006203
-0.87061073519439,0.214865857107213,-0.310262421912398,0.175608095632924,0.891322879391993,0.212474477306813,-0.348366989095467,0.455216805258914,-0.125114984523236,0.269652699330379,0.379888113975198,0.468335551038876,0.767293649791498,0.320486710161248,-0.611878250274572,-0.412962006930258,-0.16388941275622,-0.207819218881411,-0.556462545155199
0.0899395624165322,-0.821869944398969,0.662345376146931,-0.123130696301416,0.05135108274348,-1.11122267583787,1.12217166891287,-0.113591791764833,1.69923780361361,0.498993036715888,-0.647616803309489,1.70037127196662,0.748140995889656,-0.771905398182838,2.22438211650683,0.870481615405225,-0.187173485356851,0.654515308550515,-0.736185994507338
-0.406015934566113,0.499638337540262,0.484532408283314,1.32715844467697,1.52771868017169,2.15047936526508,0.954126998779429,1.5803038648921,1.87422078946918,2.47765307015354,3.13668229021403,2.03566028797832,2.31169734124509,2.68295670630775,1.87004515462874,2.1659425196838,2.60696264198515,1.98164589909342,2.30527187083771
2.58266381405039,2.29577290224827,4.0404062205676,3.46882997819361,3.91497577669054,2.31003272294174,1.91069479220951,1.31166524124339,3.53560608127225,2.86404429159845,1.47371859438991,4.27720977041238,3.84432061498561,2.31887898668143,2.69656073108047,2.09830914162333,1.07951773462145,3.12068986997551,1.81248696987188
-0.344186478190238,-0.358564989154871,-0.239469293865,0.175472865754699,1.11535582671121,1.16137829132816,-0.66989466209796,-0.671687966020784,-0.545678014390603,-0.316177501043427,0.0803992357372749,0.223870418203433,0.469781317291819,0.482714453630592,-0.651608361773327,-0.628700441441595,-0.0967026857340443,-0.178076448350396,-0.164927704962423
1.45332855516943,1.21847315939064,-0.651023208036634,-0.103396052172116,-1.57052632760934,-0.785350155294594,0.94377652825429,0.964882876701694,-0.708720580690766,0.135799045809023,0.384998530084488,-2.01122007769132,-0.956133437377218,-0.172201701420221,-0.59446819389936,0.404756586342558,0.745123361449345,-0.436826016250961,0.165525027065826
-0.695745691227671,0.213051856511953,0.0685592092703473,1.08955602147614,1.30497759034606,1.84721605445745,-0.479751592091503,0.0370417805656018,0.0674205881462058,0.513477170433362,0.878570054835052,0.239759732105199,0.726234275114678,0.831961886874865,-0.109681198988852,-0.189648801811529,-0.0825180816256079,0.22452553418438,0.142999604083712
0.816998020978815,0.494670510758283,-0.108405884428151,-0.412712182054946,-0.954320127751487,-0.919016019551833,0.157972905048297,0.128382501852769,-0.687258953357855,-0.718921172627802,-0.813871996730427,-1.04027382151051,-1.20135318120956,-1.15052930006988,-1.1069082238518,-0.766986173464488,-0.65653126251317,-0.962346751895041,-1.04608128252522
-1.27499971514467,-1.13600060488929,-1.54969181086514,-0.602341332839615,0.213122877648146,1.26685162417064,0.322649928601606,0.721220732505543,0.442627212192235,1.35943602525333,1.79589090842791,0.489844912976622,1.9122611410028,2.82638383931391,2.01227663495064,2.65880539231475,3.02871469726895,3.00417370289287,3.6223332688088
-0.24185663320128,0.646401906668956,0.0461703408907681,1.18170012028378,1.59718723628751,2.38448007174085,-0.144361586176529,1.27217191275528,-0.596053181643413,1.5164009230721,2.90317775983772,-0.482953110250179,1.70765756946,3.45472438077567,-1.39729821268403,1.25415993086534,3.27147083709133,1.67184657659499,4.02353094109
1.12822351351932,0.816605219866602,1.5752140305857,1.42227584245944,1.6258189116422,2.04690675335405,0.255582563760612,0.488443204214661,0.750157937861616,0.93275837781664,1.16561581794525,0.808065857495308,1.06565760979333,1.50290605600171,0.0250912167010142,0.186633648241639,0.541617188307356,0.311550988350831,0.646881630136846
-2.24641009229128,-1.85637389317569,-3.30553402826945,-3.00624395547609,-2.87931804682356,-2.20042236155342,-3.06510719805684,-2.96206495948914,-3.76670738430784,-3.72255552709879,-3.2581625457322,-3.05447186044438,-3.00578471979355,-2.28059176453587,-3.54203719103324,-3.51957046321715,-2.92342548733424,-2.44091185437154,-1.79117173295134
-0.594814727556638,0.175599631071549,0.638164721046877,1.26933335101393,2.42991201835463,2.60130015300982,-0.734901690278207,0.0818903475439186,0.720454733921287,1.31728646232187,1.4848021988021,2.24378816753304,2.61982615714703,2.59687369151425,0.358456584745653,0.662348344129242,0.473804726490101,1.84114018071301,1.56076589077244
1.57838319293126,0.681152734778664,0.605806897618749,-0.287856312438464,-1.73807611782038,-1.94628596757275,2.18873127476135,0.950340984565344,0.712412790236812,-0.592491165903425,-1.73705373417482,-1.60331668047789,-2.59044623754812,-3.24734237615772,0.92188397494391,-0.28553037233371,-1.72764656162096,-2.29257392665502,-3.0608455331203
-0.545202973538466,-2.36282558368799,0.273118064096707,-2.0630183939351,-1.6912150895952,-3.36723280785958,-0.487641047108383,-2.6465949349012,0.730501445310949,-1.73439024045629,-3.12914986580461,1.00490234123635,-1.14068246546589,-2.96619583983201,0.966778846135867,-1.19833803183647,-2.35070499036391,-0.346144262241324,-1.69738654144496
-1.44819369842506,-1.80633610030284,-1.05035667717291,-1.59126740919871,-1.94563819457764,-2.10215477079385,-1.60601460841926,-1.72810986310293,-1.30124608538236,-1.47899382337374,-1.19315283646225,-1.17453737472522,-1.76459090725828,-1.73898729465026,-1.30982275205457,-0.89146060138512,-0.372235038106851,-1.42139815391721,-1.03500720482961
0.764043093247494,0.282274615230364,0.761755372687929,0.463000315646809,1.04172955178313,0.403821284681953,0.769802376634118,0.17784831526393,0.391385968435117,-0.0260133911247067,-0.302690302258611,0.571428965208895,0.380395896334306,-0.00673700549771183,1.44842722344603,0.670940609687705,0.00302194848069348,0.835788596591584,0.119173467557118
0.346770716476385,1.15174410498108,-0.781228439825412,-0.518863865597581,-1.74065436255032,-1.28242110649435,0.370301951144683,1.39049709100109,-0.590470052433943,-0.244754885498168,0.258556541576496,-1.30962560845236,-1.54198824548919,-0.970186066318206,-0.975655372031184,-0.613658157768185,-0.2758562396277,-1.93492229089043,-1.33224809286108
-1.72128221185574,-0.631743181087018,-1.62723929908063,-0.88030473123635,-0.777105865802582,-0.83120337286519,-2.38182451466855,-0.679924346109459,-2.40468208085539,-0.955803544485775,-0.33331285663624,-1.58037199199762,-0.715254642928272,-0.0813187210980573,-2.33907538886336,-0.797838397228389,0.214618356211986,-0.298190532700687,0.380189079889362
-1.28826794574516,-1.9245965781102,-0.881901054666571,-1.63955023808899,-0.56898865684775,-1.11243431054965,-1.85988323140418,-2.38955659324569,-1.73096299415445,-2.4695085271679,-2.52624735160055,-0.674544239352116,-1.55224063782322,-1.94125768975786,-1.522908831932,-2.54838478192121,-2.91246493094874,-2.14147091123951,-2.58850729019898
1.68965841700873,1.1517522700243,1.59254911404389,1.14255913526844,0.909587215674492,0.828934480338518,1.39290025818676,1.05796393289708,0.971156060733733,0.8264294855488,0.411582890572731,0.110184062021006,0.466248303678128,0.604329694757666,-0.587277982401076,-0.165745074445368,0.0857816294979159,-0.378903777979389,0.326040141597588
0.914061814172783,1.36733297905744,0.466286447100515,1.18187085470183,-0.0941527632548116,0.574534237313998,0.924967307748744,0.834916108988381,0.850687793112712,0.865976524977782,1.01652577075711,0.0222024808665537,-0.273861746424984,-0.274536518565895,0.483993896216305,0.117261366243753,0.174001460555104,-0.620136144343149,-1.02647939928016
-0.939802241013751,-1.05325000781875,-1.08457202212838,-1.26188676445639,-1.26581331730205,-1.25451509840357,-0.710669335963615,-0.865494152916881,-0.694448087708452,-0.978659656925998,-0.907680215057979,-0.580205572383932,-0.926625986560481,-0.899432918241502,-0.265817250992598,-0.40235085669093,-0.281729430609374,-0.313225115581332,-0.289563847954838
1.20690400268708,1.30452142030433,1.50789126496102,1.59811442819341,1.80374041383055,1.66591040834837,1.09566920666512,1.30665402054527,1.03319254989859,1.34938704096515,1.14851664246359,0.914677877029618,1.37495615554354,1.31996937387851,0.774850645779395,0.856956602890989,0.491078414361823,0.768449014574543,0.72691565328401
-0.82884690135802,-0.911218436894842,-0.674839336428875,-0.688442700484671,0.190976583109943,-0.214039120844802,-1.03083133487326,-1.19900652823696,-0.679889894432364,-0.611129630400768,-0.29213103981931,0.237748357432309,0.372133290103903,0.159538300757902,-0.77554871181141,-0.404026538630916,0.0889504248836204,0.0990823011704265,0.317762321773841
-0.826004625389515,-0.620157534425715,-1.20992387274578,-0.968422551653134,-0.812264871480153,0.0473984313051119,-0.41380174614639,-0.287263928960954,-1.15263467208013,-1.00315711245392,-0.240451831137989,-1.30858809060211,-1.31456989239382,-0.476567613339142,0.0922061059350483,-0.121688242509975,0.0988216199368424,-0.607620043123575,-0.108178268361655
0.351095663653155,0.202901159659177,0.809875993735943,0.0265048453128145,0.124198555623309,-1.21047015522353,1.58621671287747,1.12030763186925,1.9575959068267,1.0041835053114,0.0797837775775179,1.90425475616763,0.962494438560412,-0.170216735272646,2.85062738483447,2.13986573511139,1.29712084893609,1.97775990091407,1.24069559979273
-0.906136806671356,-1.08513048951556,-0.545885866332299,-0.470288871343257,-0.0547759334338025,-0.254256655520294,-0.578749926325401,-1.18480118461434,0.231812602917643,-0.395494412526801,-1.1043775871097,0.80307963916303,0.30240327189307,-0.423740429161938,0.489748255697464,-0.652770177475134,-1.6912941545952,0.106551752691956,-0.828039265001593
0.918984851006456,0.140671900232093,0.470921313017129,0.557954383785898,0.3569123620168,0.684559946768815,0.245784510215856,-0.390265321641721,-0.143862095341092,0.12557029171478,0.329424307259785,-1.19120483321589,0.0805701988183216,1.00683162388168,-0.580077865143465,-0.368459074214968,0.0390302946523207,-0.439104448076506,0.428699223153842
-0.481175657188288,0.53499050615568,-0.873364088186321,-0.527676120645623,-1.45506651471865,-1.03089381217859,0.374321188245716,1.26939997454579,-0.257576857547065,0.0120264787112774,-0.0398189174448476,-1.29552262561123,-1.41792982086861,-1.54700195304812,0.494856457634171,0.780887052437663,0.269646694455361,-0.460128018174743,-0.879357126915295
-1.03398133868731,-1.63729354991858,-0.846417751404914,-1.06991476307854,0.0193059124162005,0.917372627324397,-1.29194826732643,-2.62232606257774,-0.488681492844989,-1.40641873666738,-1.23954204815021,0.61693180106252,0.213858515327217,0.394625691524482,-0.364330626194004,-1.69596152576489,-2.00096437077238,0.120175188201898,-0.21641157490879
0.579946380785231,-0.281353547424203,1.35366853724673,0.651105703306428,0.851909878900756,0.202793571859019,1.29266105593084,0.68705307810751,1.92631825495872,1.48707721231523,0.515250773552907,1.95713722555573,1.57640955897077,0.916507844996005,2.06379573437516,1.83189997685673,0.97969736383061,1.69258468811375,0.811718021430124
2.48460694793727,3.54113129096697,1.7108835202674,2.91790611379733,1.19874103023926,1.13911516490677,3.1686010559323,4.30528359073347,2.48197945674053,3.69485531840039,3.66385804774808,1.06496792917756,1.945817671724,1.74914237251267,2.26952156659905,3.31286340072367,3.16590266462597,1.76248696562428,1.70809208455509
1.14398143862562,0.947314317603116,1.18486050258656,0.765557790668481,0.0693116689485294,0.0275119459864754,0.528240079719467,0.539801953029041,0.400558713515039,0.1967185479308,0.212984364982646,0.231360642127669,-0.166345349228578,-0.0479359944896771,0.0647598631398694,0.334237656267788,0.625904194457007,0.266859411109181,0.548711447634986
0.612325815039128,0.161048164923074,1.02902581030116,0.122430709118703,0.127425980627265,-0.359668359718995,0.834667600532839,0.508073249729875,1.05144550444214,0.225721935331137,-0.173723516228563,0.80022548796515,-0.0754563578305181,-0.666781454990996,0.850150480939419,0.49791639911362,0.373520696126064,-0.0522894600006509,-0.440406902024989
0.920014130657847,1.36975836842967,0.462582005366471,0.814735598102885,0.347752951965759,-0.0973278740356989,0.581596950684684,1.33718915693473,0.433362373532191,1.15262514765487,1.1263038319415,0.506860968831916,0.954911340871519,0.724018822438808,-0.436649860504815,0.525560833963766,0.853024456137803,0.929146818503739,1.12042251585271
0.504604423992561,0.364979385885306,-0.0309060176264211,0.0709647429238771,-0.421399769287092,0.185787524845352,-1.2953760787982,-0.931762904007627,-1.37422317735613,-0.887026576370943,-0.0237156008679449,-1.39718656937379,-0.965674423726682,-0.24495103398138,-2.36770165084766,-1.64333324726832,-0.38807550083726,-1.49900239013061,-0.770953667327234
0.374857393191292,0.443181159125089,0.780344633760819,0.607765889869626,0.812221919066644,0.93966706742907,0.229702494756253,0.548674414996697,1.39126781689899,1.40549251168872,1.48434054334481,2.25191703085542,2.14936567571971,2.05093427097648,1.33469139778276,1.68069921270833,1.89786216237854,2.54476532207741,2.30520645861617
-1.20776677679186,-2.09272930324317,-1.38116988220574,-1.70710946191795,-0.721995551283072,-0.231070070015079,-0.927969842911097,-1.51651452087208,-1.65027264905038,-1.78391158325405,-1.76431296864232,-1.76966428600102,-1.22197773128329,-0.768075611846058,-1.48484195756225,-1.58252433973715,-1.97081462087419,-1.63025406055749,-1.45521569117153
-1.64775062814525,-1.31492345097755,-2.07531031758,-1.96812643840553,-1.79461750070422,-1.52764051828487,-1.2902786832046,-1.2292345338501,-1.81588226543764,-1.85828636760672,-0.842624245236692,-1.17914238303638,-1.96430998643126,-1.53100949971125,-1.50922160379383,-1.60612053437907,-0.598294997235286,-1.79085550472669,-1.02957035787031
1.10298696769797,1.09840129021146,0.672765174625539,0.881034850266332,0.435876030075008,0.489802590882022,1.33808107036532,1.42736986162782,0.85257384252148,0.832313109621907,0.369673482068151,0.136467208384062,0.123782214362905,-0.160730303860504,0.848215794252923,0.736685651326809,0.322788130012441,0.157596909789731,-0.175450165504202
-1.04468991906697,0.394451165615777,-0.0250544689581318,1.19546866235814,1.65111391871002,1.96204872200971,-0.53195534794952,0.127156224518416,0.0748204616724877,0.418828492866538,-0.0104251996933442,0.461123854947118,0.412108085685077,-0.136236118769716,0.236392896797156,-0.0885906502302589,-0.980987484307292,-0.653972784614297,-1.7595574654205
-2.90148141230574,-3.09244117224677,-2.59673306132743,-2.82614318130382,-1.84826713120992,-0.846511800760737,-3.20554342267349,-3.03922413370339,-2.49342157552292,-1.99330166522458,-0.447879942746539,-1.49391109444696,-0.310663381141921,1.38449398442387,-1.36493491717474,-0.742761319005865,0.729206614964767,1.52125136084098,2.9742244033001
3.43117142245305,3.76895896419813,3.27956887959468,3.79753909682339,3.06878729719065,3.24422097312348,2.97708908212542,3.84430476824153,2.99659665391337,3.84049542925516,4.00378134344183,2.55271338345094,3.23914561102237,3.61073015710733,2.35586076656102,3.2832364225485,3.53921446567782,2.3817261891181,2.94626886976016
0.111426499558974,1.2923526844086,0.531279096063457,2.10061432429146,2.04100716998389,2.41103473825106,-0.23274169089396,0.845298564786901,-0.0669137306987579,1.46793954528724,2.34416979821188,-0.144218171796894,1.37702923661047,2.06997404376693,-0.535323287591098,0.528320221529469,1.61124950525155,0.553769910198639,1.38666530116967
-1.05001469080079,-2.92758726853504,-0.578561138457673,-2.57624105120533,-1.88215663309475,-2.99771581706463,-0.0420015596082521,-2.41998891433778,0.0595539846311794,-2.10887938689663,-3.33378258108408,0.352752162472996,-1.25172048944572,-2.16353044184859,0.843652620510028,-0.855443417732602,-1.93053743395126,-0.193578200893683,-0.900451094806357
-0.91803804669064,0.0437333491147172,-2.08276527927654,-1.00645880515282,-1.82628371674014,-0.549059294100175,-1.80176443196905,-0.329654567736469,-3.12226557110893,-1.45058904960641,-0.0110803378635183,-3.45019707678512,-2.07112581645762,-0.629651093004469,-3.1502671794523,-1.82813634903303,-0.647142580510717,-2.2955417350274,-1.21409916838675
-0.0487163403417696,0.349624864352279,0.479703339431552,0.656051524507944,0.987848942614477,0.587586101947892,0.538484527754861,0.783774128774326,0.848116406312442,0.706613107877672,0.414829064028481,0.974695943599642,0.580746761033708,0.341176742427564,0.747736004000956,0.298815742960187,-0.0846435205502019,0.151634798392791,-0.0390316630749226
-1.08919133491449,-0.803940564957827,-1.21586430097406,-0.802653084366398,-0.540832791348407,-1.02975429646608,-1.19510201447454,-0.817502812814752,-1.12339554301371,-0.680906982736587,-0.916131002498361,-0.715942961880103,-0.662096322718611,-0.986552319971196,-0.953064043420937,-0.45322131277868,-0.524791016356744,-0.795533027955088,-0.643760125954287
0.0383812086083424,-0.560768383253048,-0.938029177395919,-1.45458275346613,-1.90662580229437,-2.05184175770526,0.250862033720665,-0.777810737958703,-0.895580367480534,-1.79869406188209,-2.00055676118009,-1.65137772113877,-2.01569110057446,-2.16250804894779,-0.366619014049718,-1.59043905933436,-2.18779109300831,-1.64502376347482,-1.86264001918425
-0.10265070222718,-1.20913973043903,-0.792261203147518,-2.64102171019593,-2.37644171250216,-4.29997231426051,-0.419840801598809,-2.06367609178227,-0.787001460504342,-2.9224987540851,-4.47686860872406,-0.079999956270882,-2.37846113346887,-4.16536776011139,-0.882611941015824,-2.40391905957637,-3.45822722853089,-1.78720994152155,-2.7721755765717
0.168450688442022,-0.94608183648063,0.413121087152149,-0.651466901358418,-0.428221714371688,-0.900971771075319,1.49344093635474,0.156068051537801,1.39124239225609,-0.0325182574161147,-1.39622905534461,0.357108324973808,-0.329302430007857,-0.704315530658306,1.89256641012705,0.225356514356491,-0.957909207092598,-0.252549177975936,-0.827534297070628
-0.811534824788282,-0.441986531153646,-0.803847090099595,-0.385562621713603,0.027135705441367,-0.0486148076280983,-1.70507152879659,-1.70697967094367,-1.59322681120895,-1.41115792992977,-1.02453052396612,-0.682996821109327,-0.61580763786634,-0.602633874486202,-1.90309682742344,-1.9812912553256,-1.54603771809218,-0.872578323444429,-0.822899706507712
-0.760424906779662,-0.584137674158285,0.789673042138645,0.633287161414813,1.32606008744108,0.741476500767504,0.00243341115822204,-0.233358476180257,1.55655586057384,1.14397443247211,0.382942058023389,2.29133162142796,1.94228717281305,0.858990026550202,1.66937831479135,1.26215130898862,0.244551172664785,1.92460281602979,0.652567264509656
0.919690195524396,0.87645777714522,1.16728538822235,1.18537995392137,1.15412899528002,1.42190307338095,0.587446878690997,0.830336002294217,0.93340530342283,0.863068916107579,0.985407372490954,0.440525294202473,0.0926315918310081,0.151226774860589,0.289136855715299,0.271025233962888,0.548496625671788,-0.574100932061782,-0.375570417417435
2.85147825638265,2.85674520778096,2.93950692988011,3.30223082214252,2.68390775497906,2.3211235110669,1.64060129823343,1.87204901133441,1.93161212620092,2.53116882810028,2.14558399180979,1.08175084215102,2.09797256643429,1.65603613274226,1.43031075056768,1.74493155156017,1.21884337552953,1.42965547463942,0.659569883089972
-0.337092140431992,-0.94074386839867,-0.493345593380297,-1.12926394578611,-1.12789192526915,-0.417313320333363,0.464202838301532,-0.124832298269467,0.679831762722984,0.0160601396105733,0.302846810343539,0.618153332435668,0.067425699969931,0.34883705649159,1.33967384430699,0.847683351127131,0.654822710121465,1.0507198146673,0.869864133101686
0.639506469849067,1.60113631454448,0.201539651953567,1.00484756703082,-0.454695691101165,-0.576199306491503,0.76291546803651,2.03333168252723,-0.290652745506151,0.950242506403043,0.97873980829101,-1.9155628181415,-1.2263778927711,-0.988524414200327,-0.807387119126219,0.67851451428146,0.94003509157821,-1.17945323235787,-0.553789701498772
-0.433533649033222,-0.0805229681972435,-1.17376798388139,-0.719518525380664,-1.40853916992916,-0.279383480247759,-0.0804260633854028,0.593521471056306,-1.17457954897611,-0.415165248367884,0.839523693777664,-1.91781014307637,-1.41101665146661,-0.15269187388003,-0.88906631657261,-0.288414315619349,0.729851982607101,-1.40999755299694,-0.552811457609295
0.270167220110721,0.795184329249309,0.226951415428005,1.08238466970073,1.52645776268412,1.80817142932503,-1.02290817797541,-0.240460445289074,-1.40543846267605,-0.0875930422967315,0.716761100333656,-0.906356624651181,0.118172651109887,0.744172047742239,-2.73813867021744,-1.05971319283901,0.120866111580284,-1.22964946373997,-0.442774889985941
-0.978463159297149,-0.482546978221109,-0.218025392961067,-0.0516105468662147,1.20147154944479,1.01111056378139,-0.161031005059186,0.710453857798285,0.8548011904916,1.20724535417858,1.44523317811505,2.87361042511091,2.38665732956571,1.90736427725702,1.89550839748543,2.48510692942327,2.48327420856549,3.07764183248403,2.50119250904532
1.40797427972112,0.365128690753835,2.49695634812218,1.19150374536255,1.50568787305872,0.451365262346684,0.211716480915925,-0.535305417920966,1.41313165321492,0.349578731922747,-0.340037545135488,1.73990884430805,1.08277736490763,0.0788923155034809,0.231595177503493,-0.574874545648498,-1.0400756319579,0.469465326936131,-0.242138372442355
-1.93175064818735,-3.45855396277804,-0.853245069005027,-2.16290801987651,-1.07510774141053,-2.06430311926559,-1.62005118216936,-3.38593004750251,-0.644984659713288,-2.2725308319547,-3.59916836958701,0.347103441425332,-1.02854269342694,-2.26725003166231,-0.339534426214612,-1.55858617581822,-2.36348553726899,-0.647579564900241,-1.54820032836955
3.54867705425383,4.1071270689508,2.46638730164995,3.04608751548668,1.30558369568053,1.58692334720806,3.61993864777156,4.50530010386723,2.71362015694478,3.68234420664282,3.29838292040887,1.11881889168657,2.29273465587556,2.74930160059012,1.93798415871674,3.15657241454554,3.21562979762777,2.75037706378166,3.22498079718858
-1.29479843229331,-1.27271725221095,-1.62424342619002,-1.52200430650538,-1.7528308219438,-0.647094429607193,-1.52876095244105,-1.56474744166098,-1.29690939069212,-1.57796912195536,-1.07036822823267,-0.953359980270619,-1.31120260253402,-0.74805902938877,-0.99896547023215,-1.76033562740452,-1.78766063347376,-1.21447177868018,-1.36464683976249
-1.89438605887619,-1.95891817646557,-2.22986160812886,-2.25008850951804,-1.97979251917118,-1.78497677824589,-1.2476762696692,-1.7061533511706,-1.54302907469963,-1.88365021700076,-1.78647383487288,-1.35824501283975,-1.6798304414479,-1.69002241956474,-0.129864012440919,-0.384776516331783,-0.329243143157811,-1.08277852854098,-0.931331208926707
0.506614200060653,1.14456441276226,0.485565799573607,1.33293865382723,1.4575055237589,2.28421177666937,-0.45359173763805,0.129742045141995,-0.322351786091787,0.542029333496998,1.3968158346683,0.130489699992239,1.18084579473668,2.20217291496533,-0.826277371756589,-0.267200677741869,0.597705351023194,0.448995498116403,1.57937557643331
-0.247803521438414,0.161770320508737,-0.55191066783928,-0.47669687484094,-0.699363290339335,-0.188917165734324,-0.2142515586375,-0.183743083450906,-1.02382513664858,-1.19809869635918,-0.234474464752225,-1.36517822293823,-1.29322666274609,-0.626477664948879,-0.43173841078891,-0.829104032975977,-0.443395562316311,-1.07301355605605,-0.964615879449354
-1.53363605381014,-1.32657238014374,-1.754762411576,-1.21217075618236,-1.24865822146202,-0.74833493035257,-0.865250711950324,-1.01945069385025,-0.000428814808742572,0.0793150483924308,0.324958876161418,0.465582772919447,0.60651219959405,0.9578360245456,1.21712902942477,0.565125690157117,0.389665709133084,1.65777652371688,1.73079980694052
0.545443022072902,0.239558975255846,0.442551881519563,0.0579080366701703,0.128284198112652,-0.146931671067534,0.592890198344833,0.400522900631302,0.122551859667539,-0.136280883622021,-0.457474854124882,0.122320271603002,-0.273274574683796,-0.619655633222635,-0.225504718425526,-0.226274639145856,-0.354062686839967,-0.417952403900244,-0.588438509133283
0.0617261720907436,0.672628315994444,0.293890019092885,0.765346750759392,0.389904750102403,0.526006025451409,-0.469407083475147,0.164997755977481,-0.133086358096335,0.418463365316654,0.804153274963397,-0.548700001326864,0.152774242533951,0.541359906499935,-0.346681083687287,0.19144758353471,0.549368349209999,-0.196463338467453,0.132884069739816
-0.0141417515725664,-0.512940878549813,0.290883051275188,0.213284005680492,0.943683741081571,1.22465401439956,1.02251802064521,0.779265805793642,1.04369134045578,1.15325829128594,1.42846806634552,0.495086592289056,1.06446355253925,1.616689006814,1.39276811890392,1.50632365931057,1.65938515700736,1.16811899691979,1.65295657896721
0.753436431222383,1.07876216725418,0.468775470354046,0.44641415722657,-0.0853339826353761,-0.436563457803743,1.3614444909266,1.53420032205025,0.847568324799425,0.918877921609038,0.32422588059444,0.63956836327506,0.542349623742695,0.0951976707247582,0.44846770107003,0.65948810835863,0.491824786484557,0.702566977814854,0.711095409511898
0.62627317639496,1.11321419162991,-0.373042839962864,-0.0506495458974996,-1.2791415190666,-1.23773620911581,-0.33461208915503,0.523391868880992,-0.7068446842475,-0.220548702455289,0.0716866376501741,-1.03978590427687,-1.12855901162112,-0.956581648781281,-1.19249978371801,-0.53276272146644,-0.128320103888029,-0.823637454329287,-0.415453574851796
0.17134950174642,-0.991623195657894,0.487739679345822,-0.556491123878885,-0.0891579074203435,-0.642485762184833,0.831233081002438,-0.220849030706745,0.309104993375371,-0.589195534870584,-1.24019199586539,-0.355701035868719,-0.984291601269746,-1.39465587791003,0.310783807361105,-0.410585231752009,-0.965502419374388,-1.37807506344569,-1.48709998488781
0.519520803631991,1.06092035429057,0.507508435355959,0.766105890232808,1.01340079780678,0.390612601700411,1.5917203692897,1.93623902316625,1.75093421088363,1.59229380064394,0.760349864161213,2.389131087615,1.85905613307392,0.672765653486266,1.50361646534063,1.13758595834807,0.316976007713038,1.19500060324765,0.0100228325873672
-0.795661651261867,-0.34840258743202,-0.369928184673427,0.134706909899478,0.493659393761533,0.52306781249402,-1.24270371314174,-0.902298234534697,-0.821147986803396,-0.272497764630543,0.500664608938763,0.0730638534975583,0.396729147964294,0.758307879984727,-1.00630177252884,-0.104687008268513,0.865572153399,0.826396405606118,1.52296944591546
-1.61700155071318,-2.48407430783925,-1.33871297710846,-1.99930747848524,-0.656072110340318,-0.366762593349875,-2.19975133000591,-3.52793680552369,-2.28674284081612,-3.25416292706902,-3.327456931867,-1.94031203579792,-2.33971024039596,-2.06478720560037,-2.33179086212706,-3.38941413277774,-3.86060051216913,-2.89401021264305,-2.81035690892247
0.857629475608832,1.31915363585031,0.0597623334840591,0.478449523488763,0.18200419659118,-0.268296598810508,0.642670800309901,1.32413011151417,0.0145368879889247,0.738111816812989,1.11175001708676,-0.0242203442759603,0.415252918830419,0.372753613360629,-0.169937327610768,0.572209888395264,1.32884329041303,0.0143110728783142,0.335995716303955
0.568771059637669,0.997597797042914,0.118018026223581,1.02067020997075,0.57528414593412,1.46895849898672,0.915440585226804,1.45579060869298,0.401167129697058,1.43524812416328,2.11432878767025,-0.0597364156761273,1.16575007646753,2.27020847317647,0.688144520470871,1.53216936533474,2.46610470870959,1.73528366216553,2.82323095418687
-0.176082463108372,-0.0673949723116891,0.472090002075817,0.333334771802384,0.369004749034104,0.35612847475079,0.0472701529930077,-0.100566956895193,0.351847611014847,0.0792477445910436,-0.0945609720994014,0.0223895562029384,0.112075532312161,0.164509434276397,0.801632218919337,0.0344892565864257,-0.504855699171543,0.05598652371512,-0.262029833940915
0.960535596889912,-0.362686423814353,-0.315199981162408,-1.30647484861035,-1.77078925648252,-2.27570862622215,0.279750175215867,-0.584142111123668,-0.475088044014939,-1.14338819671326,-1.78869440610811,-1.0609513824844,-1.41775885526741,-2.02723183758545,-0.674979942349125,-1.10481812104712,-1.82582365084994,-1.09456148877939,-1.83703158896375
0.11815467637021,0.558170627448163,0.910131089360419,1.47682016364413,1.41286508329398,1.25475745480216,-0.61200895190288,-0.246201380119146,0.366365415490122,0.877522919503235,0.379520155868136,0.689287744071635,1.21765965779181,0.925762335576024,0.0236069715859912,0.372695353315777,0.0765977094412449,0.96699907475724,0.741770514792364
0.398134913357097,0.470422696238643,1.41845169221031,1.63805433227813,2.56024161637933,2.85127861678467,1.61051379232893,1.93460842132328,2.14988881677587,2.70697597543031,2.60122366327229,2.06805734753178,2.88964370875195,3.11689523246841,2.08979034120657,2.88473056346635,2.60889529632246,2.46139925505318,2.37153966846225
-1.30368365174562,-1.67722423575614,-1.54107862964742,-2.12972971226733,-1.82535495055001,-2.49092004925035,-1.91980355428356,-2.33843588356933,-1.79088981799921,-2.65525086590802,-3.34187804057493,-1.54286152760548,-2.6763713045024,-3.81741675978614,-1.65690068670233,-2.29493175551599,-3.01501251310015,-2.72820821155298,-3.94453488612669
2.12308912507217,1.51067436497738,2.9258277349081,2.27159843075387,2.0648501759367,1.41863910720318,2.58784637875743,2.1069701707107,3.69870787711216,2.88292040022728,2.06833174263934,4.21016714037142,2.79262258086507,1.66402929103495,3.70015723993222,3.0166175056882,2.17280533403255,2.90363463368158,1.80181076829354
-0.636954549087051,0.802707013694004,-0.950720414691631,0.374417448590549,-1.0028048417648,-0.546514477967264,-0.881295310045317,0.490552950956811,-1.38076038003717,-0.0738885440146078,0.525386959480301,-1.89971711223831,-1.05654015411631,-0.659260534712729,-1.54679439247158,-0.400053233355436,0.175986410583619,-0.768971487781215,-0.431629695057666
-0.681219103010022,-1.07907480176226,0.0456361092109603,-0.751373194811066,-0.510601188625628,-0.906560399278391,-0.883039809010683,-1.03389609665371,-0.272430290720536,-0.947667289436453,-0.722961411849127,0.178236599554424,-0.773656003427789,-0.839350439366768,-0.534978567371439,-0.983575745565105,-0.359456651664345,-0.742550046708345,-0.432211102437321
-1.29480582357925,-1.45144556382928,-2.43440728569698,-2.48825377426175,-2.93882619244835,-3.17083622604306,-0.706172847986466,-1.16404866708865,-1.73614152868788,-1.89151790332554,-2.16857396480736,-2.56498265545093,-2.50155486655987,-2.57355138982709,-0.825191658814845,-0.892375698070026,-1.39250243609456,-1.14206457900772,-1.07516479333279
-1.99330847214364,-1.38712133348309,-2.25062782811918,-1.8054890237145,-1.45416337615265,0.0122579697862477,-2.46406427446513,-1.67213281539895,-2.27338185331459,-1.50094592321256,-0.36338051876146,-1.60987810096324,-1.02568560726397,0.0855359031341152,-0.954617421253744,-0.724472658709828,-0.529041792601987,-0.836268126074032,-0.978238645355191
1.21528030725185,0.860643764365562,2.09591594765874,2.01934007115889,2.95200941728174,3.2449185621991,-0.0232469999105831,-0.855078963614858,-0.0932657456185666,-0.659500649170866,-0.395822465645807,0.462576568472315,0.244045375053759,0.913360104294327,-1.86977873865916,-2.63365561811983,-1.81394159038561,-1.88609671503363,-0.790266231667999
-0.980153960405715,-1.34790868062302,-0.326796233726071,-1.26198985821972,-0.588847753879634,-2.02899640297952,-0.618540368813342,-1.16316292716053,-0.455902204785048,-1.38289543565313,-2.43381976940213,0.019260535341374,-0.732406353778345,-1.895897300987,0.228984569385631,-0.650226429818787,-1.81622669717871,-0.344747754288221,-1.54336186248875
-0.762850660619989,-1.28341196751529,-0.962443427224486,-2.04570190687875,-2.45293529767031,-2.26598111126287,-0.406009307867834,-1.2250404408876,-0.725860413180982,-1.85697308883778,-1.48599847754727,-1.00665808338894,-2.35078745466805,-2.33599451185174,0.042409325269972,-0.865766243783526,-0.707143752567561,-1.49459865670207,-1.59025988635861
0.796501578865985,0.676074629679448,1.5601198157743,1.56452262655543,1.6356126119401,1.49950454874559,1.04787303552075,0.944290733160244,1.81203579142218,1.49583228488692,1.25058618250924,1.58791183813395,1.27143168962613,1.10313355343399,1.63139310601898,1.29650345860401,1.40748096402615,1.13553697230566,1.02753798570856
1.59034901236413,1.36652655935731,0.554980363798364,0.972363001572234,0.455485764896082,0.98363943558283,1.34611915486093,1.09988774122669,0.740406341089141,1.14629398123196,0.931512025575188,0.0160962041288428,0.798108471465554,1.27512628696471,0.149179290467742,0.48291350469961,0.1015082840091,0.229586818569828,0.658846304789023
-1.59103788181341,-1.57551019750935,-1.86972072861522,-2.37832140547999,-2.01271308731634,-2.76984906975713,-2.63668941676806,-2.37921724567377,-2.60802479893027,-2.78763536997036,-2.85985460040916,-1.5516718579328,-1.7645779545179,-2.09438747774911,-3.28088944726574,-3.14983007561975,-2.6031927514355,-1.60799688791704,-1.38685311331221
1.53550313905669,1.43939791788532,2.12904516653418,1.94130834183784,2.61743337535788,2.3632397234758,0.776981456008912,1.4447746698992,1.8316556144413,2.03156883075891,2.64522679723413,3.01412524158411,2.61285052114809,2.44888133523608,1.09601969583818,1.69542479305085,2.69150652224855,1.79612305809732,1.93876049174278
2.1637554180619,1.97898032049542,2.18641149471242,1.54469170416658,-0.00932830788704564,-0.0985039837973716,3.18883603648254,2.48605483570765,2.95609486427773,2.0487135199034,1.66358562546625,1.42866224794517,0.627951794621453,0.408056157208279,2.23256558139627,1.35931241707553,0.904454550771902,0.564838732425073,0.460290981259135
0.350738230365977,1.66424476343391,0.323607171278894,1.98390278113453,1.66151754295285,2.05584055323845,0.641196120450587,1.62363871323186,-0.00852998220264567,1.52899915456013,2.60302203982937,-0.882724088478852,0.684626605885626,1.75981379490148,-0.414076598922918,0.561038339499106,1.76481748670884,-0.382268897472386,1.05844150568257
-1.89778298876163,-2.25953079700849,-2.24723530774136,-1.92199267610877,-0.750582265533865,-1.15320100649393,-1.22650681582385,-1.30620557506305,-1.1915108686369,-0.757817806732191,-1.42418837028876,-0.491868187878453,0.243970582114684,-0.704662265132157,-0.346286943985433,0.244416931740261,-0.787550613728087,0.564371948470011,-0.585238357181055
-0.245878430383073,0.645409529387365,-0.678321349876512,0.23180098014106,-0.823032200394636,0.0444305006124921,-0.556541349815063,0.1492547033248,-0.743839680383161,-0.144293956043271,0.465278728236939,-1.50129485666545,-1.01740036973294,-0.200037537568988,-0.631832082632826,-0.268551712509378,0.0407403526333496,-0.924099799295959,-0.109799432646128
1.00304826651987,0.794988059951379,0.396211248001919,0.153921191231177,-0.921885227791506,-0.325735562235678,0.684109994053699,0.618947270898559,0.35946620768101,0.367906915019319,0.680918473901784,-0.21220595488424,-0.218319928682632,0.153475334854136,1.05587177983838,1.19898278233131,1.23403388921969,1.09796692921589,1.00694487815798
0.307762388521553,-0.104505561761556,0.0885518147806295,0.0863957283195589,0.62729815261892,0.904349780248822,0.00691454931484259,-0.402733232100672,0.0231098870634412,-0.107536230540092,-0.0112101076298359,0.359750707765301,0.652016756863816,1.06538052485467,-0.305544736722169,-0.597289847775357,-0.396417490502699,0.335037098276985,0.832435807121954
-0.01042154102322,0.369312491695183,0.0235887591653068,0.63279513313438,1.22705956369035,2.48660490197247,0.421455523891353,0.526743525193552,0.429730320602062,0.856594214661527,1.64682098915449,0.767259666589069,1.31530191387731,2.24517377610894,0.677335303319495,0.697184852862705,1.03724963234461,1.13339413323055,1.44683886154579
-1.4968939937624,-1.77346036939321,-0.648582689470231,-1.00301334049672,-0.341484377554849,-0.541203782314966,-1.26923726161496,-0.790057486540519,-0.848164419211315,-0.61334227918897,-0.797114916159074,-0.441832037884353,-0.387964666643455,-0.439730671576058,-0.537073083625415,0.159666098666179,0.452128326500173,0.33205264489348,0.582002493937665
-2.32272287298662,-1.79313211209916,-2.80361757709395,-2.54597360841626,-2.31842018023767,-2.50964853106197,-1.19496002094013,-0.927172660134829,-1.38411904720857,-1.35994545716233,-1.92058833807798,-1.14052490740224,-1.03606598224317,-1.53722604314106,-0.0353921197022942,-0.314109544465083,-1.0329161540474,-0.200720701342846,-0.793183954768892
2.63039008162116,2.6012034386263,2.50607725405413,2.36256354901874,1.56460576577939,0.302999239457705,3.66100091451804,3.920102783739,3.14027242684395,3.39806630963974,2.43637725300263,2.29859482837526,2.21185300828594,1.0631532601243,2.93700417184502,3.5620324145149,2.78881557646557,2.55652985386007,1.81700331302744
1.29898246542075,0.642961758809662,1.28635107843749,1.16887316550103,1.58479933373775,1.38392936203371,1.87788014140824,1.31299962787668,2.02685243526037,1.95773779007192,0.94709808479206,2.25893015580877,2.73100387346227,2.10690067534375,2.238685731955,2.43600075408909,1.46741977787877,3.28086122502955,2.66977562284774
0.0287729737251539,-0.00273742498131924,-0.828073403892432,0.042637537595084,-0.361321487416063,0.347965667585953,0.0646510558736395,0.075292068303412,-0.762402624286437,-0.111466061373477,-0.202021042127143,-1.14931500213652,-0.294661784597594,-0.0406713946630362,-0.394960877026108,0.234544649670369,0.164806298729758,-0.134674691777889,-0.223616099171323
0.204938377581072,0.986915719782871,-0.908093425397368,-0.497752198731604,-1.10221361048761,-0.536771965061718,0.28864927595427,0.824106339381558,-0.596589149867953,-0.125105648868185,0.711453621137821,-1.02703962019049,-0.311218946776933,0.741587426692433,-0.304854639231024,0.144772411972582,1.0677000734307,0.357771183421704,1.42583116736211
-0.979217581103228,-1.20550731358324,0.304750622780602,0.0488226867893502,1.26535825887601,1.28473407705755,-2.12640174976562,-2.24686071372776,-1.2290009132021,-1.29497789197487,-0.61160672335464,-0.0083885247046851,-0.239107386629541,0.160612783128187,-2.43659774047592,-2.2265350381897,-1.32491102054217,-1.43003187637413,-0.969931893222366
-1.39243521873348,-0.489148531036278,-1.29648474365226,-0.624991482356023,-0.463844966474625,-0.0363720990922047,-1.95992478125444,-1.07364913967811,-1.80074380159942,-1.29001258122994,-0.332764869505979,-1.20414761792478,-1.11976995718766,-0.514367273648276,-2.50888631033243,-2.50944666310735,-1.65167865509386,-2.32430955448729,-1.71314211325432
2.10167644379692,2.08006295948638,2.59533003557667,2.36846094703435,2.28365806532918,1.68460755948945,1.69657884690446,1.66815432914299,2.27373773169188,1.97421087313296,1.64726915582506,2.39037958016553,1.76286754656968,1.24077867340239,1.60924765536691,1.12065567424386,0.788304650882083,0.668180161804798,0.318487642745254
-0.119901062192412,0.588120960081426,-0.562456665849908,0.320882125025406,0.58436126179916,1.64760451934444,-0.140521851651442,0.98941190733774,-0.40596972256705,0.896132644932862,1.3932101095773,-0.62466658971735,0.898840373970586,1.75831095468149,0.269977358512051,1.43846928091145,1.47833908303042,1.46505518624758,1.94044416598979
0.0306987580268583,-1.70506854399537,-0.459412123190276,-2.0136290176188,-2.2481189190957,-2.86030425257056,0.0574660249864394,-2.27837479864954,-0.672978305522633,-2.66155947119222,-3.55434469250991,-1.06984276997497,-2.47086754198099,-3.34705006955539,-0.576539865993539,-2.57569569819512,-3.51340614402494,-2.03816740165229,-3.07260127641675
0.0950709478328235,-0.210945759127469,1.249682610158,0.239890439968036,0.317257452086608,-0.804855837789091,1.03480439408648,0.397097394171254,1.93175326808966,0.828535110819757,0.277159230171918,1.72493132079205,0.489399164441977,-0.512097558488705,2.39382077775304,1.67988351976047,1.14401465375752,1.03073366732391,0.193519426580849
-1.24041542511753,-1.23363822903028,-0.952097013823021,-1.16614545623733,-1.61541354630705,-1.91900627792947,-2.52123020506681,-2.32429071481556,-2.09802211943298,-2.39387411247856,-2.37651356718786,-2.04773018175274,-2.94848942879659,-3.00865006616851,-2.63156902791354,-2.97190404570955,-2.64743299132439,-3.59824137484839,-3.38078858403563
