-2.68772347994023,-1.49582042480858,0.238148938971392,-1.41013750713981,0.0531444873399778,-2.97324523646662,-1.80781008585225,-0.535372013661032,0.0061178169263485,-0.0268756302813529,0.945768104554787,-0.286356983358303,0.111222684307819,-0.941264678786041,-0.750254653459422
2.1668166458818,1.4825016925341,0.6987854214035,1.30590019530283,0.670009704417396,1.6644807099089,0.67083752613766,-0.0177238969806979,0.793565574245775,0.668892633578594,0.0338252393657115,0.131748559070445,-0.54636881651399,-0.49265356456911,-1.26862412606016
1.31480588596852,0.457138477367238,0.919959917597339,0.887633758584855,0.965184177975431,1.11110940327953,1.05407498737856,1.28764483129197,0.75654495100278,0.724507387698281,1.63446209076028,0.686859728013587,1.01414426925371,0.920672830646964,1.14234258210942
-1.18488612217696,1.28369628360329,1.38510097258265,0.0578443047646431,0.458392486209135,-1.30049618899517,-1.34387674653314,-0.940689675029432,2.07828511380038,1.33248772654468,1.34186053567251,0.468067275694892,0.835819135315091,-0.453500456017935,0.090234312543771
2.95825527047651,-0.251877476511993,-0.41422514135769,0.628155706718275,0.590655359283375,2.15697855908979,2.37381693330653,2.14514963571821,-3.10239428263836,-2.95318084347031,-2.63515871195514,-1.98661579034936,-1.76625003282251,0.415686589760355,0.0301149844229656
-2.32781523223346,-1.44075141137333,-1.45227285023128,-1.97894432843125,-1.71192627304711,-1.48927052968062,-1.44111649291315,-1.26524656406059,0.144621063397892,-1.3435951941124,-1.46277594704739,-1.54323903963788,-1.32456248564009,-0.835662964203578,-0.590668979030966
0.812796764650329,0.602416465505883,-0.279875591453163,1.22394750552829,0.99798132871291,0.555435443601851,1.74167925623311,2.28514956718175,-0.0853770471724715,0.834361080280445,0.0576995158324962,1.44012909991631,1.49996676799128,1.63592499694212,2.62916022218849
0.826145330781088,-0.355685458415735,-1.27639455462733,-0.608111184895307,-1.38939449541209,-0.759544494907516,-1.28760830307658,-1.45262152789238,-2.02698786058826,-1.59035538407761,-2.01424696661812,-1.5747972394787,-1.67027142517813,-1.71471308951118,-1.35830243802047
-0.0116737094420785,0.353863869191144,0.827395198369459,-0.0546603940630916,-0.202366033769692,0.254235004057279,-0.100927246886698,-0.448954467012072,0.322307238798118,0.423462380621089,1.12422437437456,0.28609103072975,0.322548678574577,0.0675877902171464,-0.226408379110211
1.64941936466556,1.61077090501692,0.848165540688427,2.08726389883654,1.24792250413472,2.05025762026304,2.26410455902487,1.46140425824268,1.29424532547114,2.5580972699467,1.14488000354083,2.90011538302244,1.62540405313462,2.07118924689107,1.08158869624171
0.250577593867831,-1.33121291358344,-0.986674349129771,-0.39984384209194,0.0449975210884759,-0.159745614231525,0.392737781479042,0.816722604076716,-0.987749110480678,-0.533558855468925,-0.624700999956787,0.375222264198271,0.613040509317187,0.94050141096281,1.44290611682561
1.12195708051669,-1.16572492261662,-0.987394410119919,-0.217207228029338,-0.394644763975464,1.51824431046205,0.676218938418629,0.19528006871704,-1.87411787448607,-2.14507268861732,-2.17236542687826,-1.58579573145857,-1.87140897681263,-0.782639575406307,-1.212974454841
-1.91003769506106,-1.175077774204,-1.22829104541552,-2.8253527441554,-2.31612943990876,-3.63229672463379,-4.202421291733,-3.36751321712026,0.209482473374948,-1.01105702533184,-0.62521222992865,-2.5758058201875,-1.5680993371594,-3.85783349248584,-2.74797929960897
-1.50868985825339,-0.17094359143519,0.248567492625114,0.219414184645586,0.0160150915474162,0.49832849055133,0.420742582887669,-0.295619917711406,0.17235791770068,0.416011740063709,0.829017416111299,0.82586330934646,1.04615503946954,0.899963812486192,1.00580773045505
-2.01128391437365,0.773273128574004,1.2901831223451,0.453631924966061,0.876264636017282,0.873585311309057,0.565325563217556,0.555450381403261,1.67050525025508,1.96423273365835,2.30300974350106,1.68466894681583,1.7737904401485,1.28896972481593,0.999285536723903
0.389409043837048,-0.532378716305374,-0.233174646565232,0.458485948691759,0.469395215378341,1.12052208815243,1.13080365446726,0.61494620792655,-0.861728480709928,-0.569893616451026,-0.319905707710632,0.0430055529534457,-0.0165858284057094,0.675122532402185,0.142187862837005
-2.45527394490442,-0.615017011115611,-0.911277602827766,-1.62664958748371,-2.29070961882289,-1.76809488195983,-2.54786069822751,-3.68905712292894,-0.563251539784972,-0.381017447153454,-0.157807488869423,-0.503958506288797,-0.752586635563915,-1.0169625542442,-1.89742593480261
-0.148098884259852,1.44872845305994,1.58396903124293,1.47565970925939,2.03710089828451,-0.193567809597624,1.23156729524518,1.77370799865781,2.51482361034965,3.35454928363458,2.70340406426195,3.61433506681252,3.27356552715798,2.94971171083557,2.80661841441989
-0.888303090782827,-1.11147697252821,-0.928220955503207,-1.57138390328433,-1.71292201494936,-1.10058857215645,-1.36517315270814,-1.49211802199713,-0.802360591562319,-1.85858532007597,-1.78732953077571,-2.35567037729857,-2.32090469691755,-1.89845184717672,-1.8185189524358
1.60932344318971,2.24425574276816,1.95495799472286,2.63811759492899,3.00019067875309,1.41348369160119,2.68517176118479,3.69511969737272,1.8559529347632,2.72645627456865,2.79672248374217,3.34122143215973,3.90974688900826,3.45521955223933,4.33838659165463
-0.222433254880031,-0.439166094448098,-0.364500228876096,-1.42048342320925,-1.62468042759318,-0.340700192690576,-1.60972536481322,-1.89093711118363,0.188555541263412,-1.40810001152497,-1.12697384193126,-2.55189833636229,-2.57213931258889,-2.39851367450498,-2.77989294706472
1.66335403393495,0.593534069717407,-0.24916818677795,0.876002149939467,0.272609952759069,0.504978048104448,0.521634949193526,0.514122164110915,-0.169446869086812,0.13502781398023,-0.569605642466399,0.654121495630221,0.33837170977344,0.594694138980287,0.938433324244897
-0.377216187304086,0.850741422771478,-0.201680780676924,0.472349638620926,-0.81917108977413,0.152016361682257,-0.383084167249905,-1.84813589514351,1.34041153750414,1.81919399160392,0.249649828954944,1.10313400093005,-0.625160580351405,-0.22067885553588,-2.0060415798265
-0.342309464650796,0.152389862066343,-0.262216953764266,-0.56296690528373,-0.580261349298809,-1.59390019474051,-1.58551869503768,-1.48388168267084,0.48262678714292,-0.3053334500961,-0.575019311298973,-0.795841399102585,-1.11910972816398,-1.35881750434979,-1.69148340832379
-0.806089253482071,-1.54913945563831,-0.891596659559895,-0.197448827911188,0.633073858335507,0.528690776273464,1.20297097300454,2.00856490885303,-1.69035559652201,-1.16824483171666,-0.252414948367147,-0.0875611703054346,0.91269863299712,1.21422178630692,2.04362429990212
2.65587854312975,1.7876413280396,0.468430466873457,1.66896127666774,0.615144815593112,1.67368151797331,1.1165723140229,0.724890043965956,0.425028641111453,0.931748419922201,-0.634098096756759,0.758823553656356,-0.713325105110926,0.0516750744086494,-0.664813774697905
1.21831295245744,-0.102722448853086,-0.242290717062161,0.553347484660407,-0.145828082391716,1.71403348699656,0.789889963223857,0.0507241758980967,-1.0582906423549,-0.469203180991457,-0.188924794392136,-0.378877514580267,-0.601111092097966,-0.398209755541899,-0.527918894356247
-1.06810771771576,-1.9725849725522,-1.66470214187851,-1.82388741449455,-1.6999432149284,-0.619431186062741,-1.42763176127471,-1.44027031205164,-2.06598181495247,-2.37191439370056,-1.4853912647138,-2.46991124812712,-1.90282359198758,-1.99028428050332,-1.90333641894725
-0.368123892145135,-0.333649786029554,0.336576357129786,-0.188965304561577,0.319090217878653,0.995733443157235,0.565947620923225,0.806991574278811,0.725262027604685,0.345163685745803,0.334719646777558,0.719685761728101,0.328556227331319,1.48900876334443,0.621512667577804
-2.59471739370699,-0.369326190075725,0.001401549759521,-0.576977253077928,-0.320885066744609,-0.946119006120767,-0.432193350599277,-0.552491743940692,0.135891518305243,0.126596813651304,0.273021866206676,0.34062472601201,0.557511710348109,0.774465230240708,1.08361030734793
-1.00827294116567,-0.921580098888427,0.889256717699084,-1.45328766904564,-0.0103738697167159,-1.49131489818984,-1.00640010855281,-0.261000329070868,-0.659315417645274,-1.36384267396841,-0.00390862311155615,-1.55057351287857,-0.321864363061366,-0.975518112876046,-0.0862561461505038
1.28697146429981,0.442379669128172,0.6315851629777,0.51665801149565,1.2829519357947,-2.05776771879187,-0.331500751215202,0.918825736750421,-1.6479510820817,-0.755324677450318,-0.437038558577115,-0.350295649547945,0.489937756591047,-0.618150255698509,0.676900888699123
0.820708061573555,0.245834018822194,-0.467536495137495,0.0226966751501436,0.0662162060581295,-0.834986812002967,0.0157660921306615,0.676813467505696,1.66559087131435,0.584917718103782,0.302745155696812,-0.688555392594651,-0.347101057235136,-1.32870322204704,-0.604921119850076
-0.904158879450662,-1.73631328002978,-1.01592349650809,-1.06379176827156,-0.330815729406652,-0.298681202800225,-0.242418778711084,0.304685229966907,-0.0116086262997328,-0.301109182569462,0.272258551370953,-0.359895213611082,0.512534365095632,-0.25713189832112,0.570702553235009
-1.47567164345563,-0.423464698610616,-0.0303810857601832,-1.79297983691305,-1.16353606938239,-2.8379330320011,-3.10891398757497,-2.83216033769995,-0.81469862728531,-1.0431425492049,-0.672932196172638,-1.79142015922807,-1.126940449567,-2.45247455252311,-2.07416315647586
3.11233875588263,3.47841378164748,2.5179038940538,4.38902298855223,3.50965113803923,3.75381995436666,4.3035376787837,3.70460682659015,2.47139319991427,2.97112246910925,1.98897315671798,3.95095288135542,2.69250291444328,4.06744113633124,3.04868157046641
-0.304250562672934,-0.77743518429935,-0.67410878034562,-1.38018786816363,-1.49342173780255,-0.126179679969852,-1.44934273948343,-1.49168633009771,-0.17869429439736,-0.647949739360627,-0.91849331473756,-1.20534632961221,-1.55023011167603,-1.29095556312424,-1.51698440582197
-0.981912234969627,-0.520539085168991,-0.351135405821452,-0.0439641363484213,0.00951524515215851,0.178432786866722,1.1256432182829,1.08638920596914,0.0353776691735277,-0.466618353715205,-0.475106141441188,-0.00864858402076152,0.302025950783047,1.0649661962272,1.60229188089082
4.42851038595198,2.05507953595475,1.80068654444014,3.03991596230591,2.77602104740757,2.88098008040723,2.6510544678774,2.56187358827131,-1.17334249042142,0.367898431735824,0.999517845183561,1.35083326897924,1.72789186671281,1.16831655659499,1.4193018248836
0.995894638554887,1.38185226408663,0.203726394622777,1.91854291754873,0.325607815684748,2.58051983183427,2.26054916966717,0.998426533226677,0.0433467295804917,1.14834274057307,-0.0805536475939448,2.04389346859872,0.323960754814095,2.2608185985539,0.722968553411761
2.88082153157754,0.284960509377044,0.808178173639618,1.49125910028997,1.83112888336143,2.57719077508492,2.67310896589134,2.65950309239065,-0.000157419459355879,-0.114518335467892,0.0598890486661219,0.701807918041908,0.729488952484161,1.73991336151312,1.44689836572226
-2.6215164338936,-1.75260306023981,-1.02605881527546,-3.21926119539248,-2.16965550752479,-4.256904314069,-4.12076690328672,-2.86290170181385,-1.08295524183873,-1.46841831306497,-0.214673248300215,-2.65871975895828,-1.31735015063776,-3.70604142562721,-2.51239745747239
0.717903190959035,1.09149488598155,1.12656778351973,0.593018742817264,-0.185063068457254,0.867743938805347,0.465992890427543,-0.780171253882372,1.87827658010639,1.30597645908173,1.95114532671212,0.723643148613178,0.728696192149897,0.533376659550271,-0.036612343391937
0.183120790000714,-0.689299789486768,-0.369332287245641,-1.07593756970664,-0.557030233746616,-1.38541545274865,-0.582623168302518,0.296128706577406,-0.145664411433586,-1.16177259721704,-0.88903781471916,-1.82059137624415,-1.22812609968139,-1.31530956760048,-0.426775169062608
1.45365424901601,1.02954894924164,0.745898878671767,1.84675514016226,1.40579829636548,1.73071529404712,1.67577919175125,0.834554403175503,-0.09117602067235,0.9356707345529,0.811662939547091,1.58946970371736,1.38257514783089,1.28026866486991,0.654164099957484
-2.0815134415495,-0.888779517044668,-0.804839824738593,-1.61041301975698,-1.45626031395699,-1.14293530139062,-1.73319174780659,-1.31661643740338,0.0485651170099288,-0.488129139063204,-0.621280837280352,-0.870118052036077,-1.08931739681313,-0.873438688598412,-0.767361749921321
-0.996807967279068,-0.303532974504861,-0.328619602724245,-0.536678594801344,-0.427565925115402,-1.43894445708995,-0.900701803503352,-0.680537814001326,0.347485953994862,0.563148180305689,0.193944527989004,0.567271124899349,0.300250724963206,0.392131744473346,0.224304460465078
0.430753777792845,0.292770767930733,-0.767603120298304,0.716348622698177,-0.480375456208719,1.62200505078567,0.803384013277878,-0.275795390639843,-0.584175994306094,0.0335304884755487,-0.889645304847704,0.687860049475574,-0.253763458774472,1.06861147304107,0.194986505150126
-2.31207272879193,-0.34033919028775,0.452273474186995,-1.06023160966822,-0.143936983450089,-2.65040571989826,-1.62991318811339,-0.387880413159934,0.599411556604025,0.779581336842853,0.665520094969366,-0.165339514208313,-0.181076867966226,-1.07195420001523,-0.888755678508005
-1.6147914582897,-2.22529841637495,-2.10363352071408,-2.89031653099528,-2.35467600177216,-2.51292612206339,-3.08254658410237,-2.62362625879857,-0.91792776907306,-2.23441160387765,-2.51025548094046,-2.96913101845385,-2.72267103493766,-3.12783636529451,-2.8762898659547
-5.17102761133091,-2.8240640677179,-2.97526179417628,-2.65175455306269,-2.68642938542629,-2.12831359824361,-2.31147342713612,-2.87031970123641,-1.22789344250245,-0.99480890901512,-0.661727526534008,-0.700453405860713,-0.633708544382557,-0.830865484005727,-1.21766307126501
-0.612526995928874,0.404484169677374,-0.620836929986865,-0.546571744496987,-0.996538437174308,-0.335673475815184,-1.73519026517806,-1.94430071945865,0.56835771780942,0.21264993956035,-1.24187487595307,-0.706081533184772,-1.27251404214684,-1.40978276480826,-1.2543665706967
1.31401391199475,1.40400207390945,1.66655829453407,2.23940871540032,2.0227681560439,2.85449211333443,2.40540481197385,1.91471914883508,0.715953103700684,1.17092373796518,1.74279809886787,1.78594384724494,2.09708301726818,1.74946738975305,1.72151346275481
-2.66082905291768,-1.77885965031689,-1.02756234871251,-2.21894808697692,-1.49155944337741,-1.85252768740105,-2.31362139842759,-1.88430364040292,-0.547279717562844,-0.744735352500385,-0.159836482107721,-0.614451665665456,-0.127323459996802,-0.544903007771069,-0.0425787178266432
0.17876521049223,1.062700863656,0.401660804657354,1.33821882596271,0.845851744241401,0.599916379469022,1.75675327062547,1.49234329588828,0.269683723267093,0.733138015049406,0.555634617336636,1.30598756425204,1.13579032472126,1.5471374903556,1.49720401030086
0.968889765742489,0.173743255214049,0.564169008561862,1.17534656772452,1.54667142510391,1.24928453362384,1.42923755980138,1.49598486933905,0.163639443944959,0.793988046188247,0.680562045682962,1.18841204882753,1.30059846340575,0.956438478711931,1.21144159880058
2.72643340354335,0.758224252116321,1.01925296845647,1.67883925701375,1.86430960635599,2.31301905970611,2.94073453708432,2.96320001417271,-0.502400878162263,-0.82825962323065,-0.595300286333725,-0.0471051191767629,0.332376646948092,1.50413815503001,1.79926951484649
1.42006284192112,1.81993218108241,0.586670081203465,1.46933870984307,0.0865878348939191,1.23668165407571,0.212330295685973,-0.863615856336793,1.83264081239398,2.55096137410106,1.64798410488262,2.09258340059222,0.683631272426481,0.899855075575402,-0.540563350040429
2.50746477713139,0.967200406405738,0.496631746892234,1.04570998392046,0.682036781999358,1.45126908286193,1.20407300746527,0.914351353257672,-0.211367749687668,-0.291615611011139,-0.44304003356288,-0.157387113849012,-0.529506369167137,-0.0582756199316918,-0.628806350460223
1.03186984831817,2.00104155879146,1.36182910295946,2.32467376512167,1.28922268832744,1.69750567191215,1.5838289609033,0.458084151446258,0.904151355295738,2.17881753031449,1.92473909397575,2.95800317567796,2.05091380548129,2.41624772129728,1.34718982386977
-5.30372866625393,-2.76519953353974,-1.8412540926015,-4.63665741958238,-4.12762258147916,-3.77763983628762,-5.03485600904727,-5.25880839739503,1.01155400209609,-1.1703314636853,-1.02221661687958,-3.13691269544071,-3.19381089632017,-3.50594722396767,-3.8595936068086
2.44188181519948,-0.273226235367702,-0.425338912875532,0.578824251824102,0.36484750971087,0.603848728808231,1.27565485917034,1.19180282396485,-2.07262197634407,-1.53954879703551,-1.53918345166574,-0.707845141441794,-0.885139133660545,0.113467028255656,-0.0691786089360562
1.71959839062387,0.827195343528956,0.540030709010239,2.0073672378789,2.16238649353895,1.31462565711564,3.04342538483886,3.92818150624353,-0.0899704453689196,0.891725771760832,1.05164126407968,2.18465741743918,2.66757632628034,3.53752269570134,4.30520368597971
-0.621393308560087,-1.37200834111522,-0.379981402554108,-1.30891227436663,-0.351867045687811,-0.661888114583888,-0.392421136416829,0.308816599115147,-1.17775013801673,-1.92292723158513,-0.754342630316302,-1.846445518179,-0.843967216219511,-0.938580154288445,-0.362257647310628
1.67467587134897,0.780764560047487,1.38649009124674,0.865756712307501,1.35734425705149,0.461499266036782,1.26933172665696,1.92736978017845,1.44123821940363,0.778316752728273,1.2454939104187,-0.254673544067884,0.238422774471331,-0.592556054574089,0.155414973969414
3.05403851847925,1.71074293123849,1.73275588361085,1.01633931695105,1.50545429891071,0.167622595619321,0.282917449246042,1.31265778823496,-0.124164190738981,-0.732090536088918,-1.05031782949823,-1.0670013478092,-0.654657025861866,-1.13549893919841,-0.1873875515397
-2.64873876768615,-1.53047813726408,-1.08284463249535,-1.56740921099276,-1.2323699907239,-1.96016511374964,-1.43805673768614,-1.25082049149606,0.0967339397522551,-0.815926729777743,-0.908107359367705,-1.36384291392503,-1.20103345428461,-1.61103355398373,-1.29522147172497
1.48188605442311,2.36521610288193,2.36164197769821,1.1223799448247,1.28578289205916,-0.132823394508051,-0.27191678986685,-0.0368101895600716,1.09676312193145,1.60026562914052,1.66832196072139,0.952963448956382,1.1556442879108,-0.215478642339434,-0.0433982697166755
2.2849016776735,0.96259610848449,0.709752164414851,1.8690490431853,1.40705241469206,2.17344504868569,1.67421467389764,1.24919141369134,-0.562115290613463,0.657065209146111,0.625242632185717,1.51753037706183,1.42334496692584,1.32977684204306,1.38089920118034
-1.21231277617906,-0.36037011582178,-1.17050044194553,-1.25466386429741,-1.96016072198248,-0.571140334664534,-1.44653414048733,-2.04352173924912,1.11444727820523,0.484664138391878,-0.411016116641036,-0.207558634440232,-0.957765388076524,-0.550989759428319,-1.16247451026945
1.53667265999151,0.642103444627878,1.28632971648724,1.47873944903932,2.09789791908071,0.865541456362365,1.63681332218553,2.25648370699795,-0.900899337542626,-0.415906912565077,0.415049641107487,0.0933102616113786,0.807028577587005,0.332555167802326,0.932191273235929
-2.54998398702352,-2.17883867616683,-1.70464399321747,-2.22122815551654,-1.9506538086649,-1.90594540634169,-2.02982337947134,-2.08146740398061,-1.20789381011488,-0.901974448037407,-0.488678807992983,-0.419164516294558,-0.15246672781393,0.0155482122972046,0.0323130552377506
-0.0155943764350184,-0.0571625104406337,-0.111326964366469,-0.162586724616773,-0.00942195352050135,-0.0328070175205255,0.123233467641853,0.66422287842056,0.146322816921469,-0.175620471966823,0.293559078651498,-0.352261824352126,0.0699519750274646,-0.0671547991432249,0.353810222260222
0.111102013162821,0.470965810513036,0.458786989002192,0.0561177532343322,0.21613737108828,0.00248675387334174,-0.697082737058338,-0.483094950117618,0.701698226335566,0.716868514630107,1.08541428651046,-0.13726837162028,0.374687547984337,-1.20821219510341,-0.893634553555188
-0.165021254815031,-1.54451465347603,-2.33761218540687,-0.673646820592182,-1.42300346123864,0.750760621573107,0.127541722809838,-0.518579427246522,-2.80809460912025,-2.64081310149592,-3.0733854094002,-1.55774739054726,-2.27270353608853,-0.61058869351956,-1.51100019309104
-0.756482683115919,-1.25231350137631,-0.901480981299699,-1.01082628447256,-0.875104460044923,-0.71960045105007,-0.893659168256733,-0.59700643919868,-1.70655492327094,-1.80787034895536,-1.7529542665855,-1.35367753145692,-1.28781879333769,-0.518578660519211,-0.0477127057843632
-0.0842712189623853,-0.778672044320729,-0.120422098120258,-1.35029134418997,-0.990633494246907,-1.01838063088118,-1.04493294303157,-1.19678198857119,0.164698522703674,-0.995324623251719,-0.177984667349733,-1.88291790294144,-1.54907093136669,-1.82764516044827,-2.21833724988684
-3.01340967111882,-2.01701803095261,-1.63416943126487,-1.77608203048072,-1.14121643104025,-2.35227326907952,-1.08532976985245,-0.34351430664347,-0.934797643354159,-1.0194172582338,-1.10178223118342,-0.668374827506938,-0.296363455070974,-0.204018838288192,0.536476479289774
-5.59202976143665,-3.09953656008355,-2.95475126699498,-3.98144568012174,-3.77432927891763,-3.36838463618489,-3.89990026554818,-4.17109262310774,-0.701962609446696,-1.23928464406248,-1.10664358516439,-1.84934322463937,-1.52382631390006,-2.12434772066058,-1.91934257216474
1.08559327507182,1.77621629746614,1.90496793503186,2.07578634119318,2.47269733174335,0.737542663212736,1.42853775174959,2.16409013325261,1.57517618234053,2.88877399053061,3.27422115853736,3.07690274609664,3.55701427881004,2.07347100676978,2.57672808514874
0.800497418380203,1.78590442272497,1.65389544715907,1.70513627267295,1.46752411568323,1.89629064849797,1.76567069829869,1.20041227365255,2.97683027085802,2.80587348440778,1.80592065730923,2.82867207670361,1.57609753152292,2.99744695620328,1.79853994959612
-2.60024589619563,-1.94119916133582,-1.13484598191525,-1.57204808027086,-0.861625998192039,-1.79881212312696,-0.917296568175971,-0.64333533796858,-0.28139813077064,-0.430660309411451,-0.234446735981976,-0.0172693240608623,0.0323985783681451,0.235233175853352,0.21224589784768
-1.33063780685467,-0.329044334625422,-0.999550495122406,-0.917855982321697,-1.54026130655154,-0.93596846847143,-1.69998663499513,-2.24359619391993,-0.343639294404511,0.166764215317556,-0.513890961306544,-0.207838793661068,-0.825966898378397,-1.08434530956802,-1.60662137251532
2.51181683963725,1.22006011473979,0.661811157236258,2.18952600817221,1.51327884459633,2.54512585067823,2.61469126551185,1.85507693297527,-0.449553899934529,0.614097894452158,-0.0585933025926693,1.24855648521526,0.793671681017457,1.87038253254022,1.52865200592225
3.97473822427446,3.90242282899325,2.69922237614583,4.16701638071552,2.74274235131855,4.02620160660888,3.39923869877376,2.06524930313711,3.11339551604178,3.42269228440728,2.49874623401794,3.40693068838038,2.39936509929112,2.59182453993623,1.40960083932777
-0.634000298384734,0.255245358167997,-0.200987672357627,0.0667898118910841,-0.250967942086959,-0.19299253306076,-0.245088297890703,-0.509205440487364,0.411834726936434,-0.0726829885346092,-0.386128112126158,-0.426890739981587,-0.76729490180179,-0.541684559108432,-0.803963672345219
-0.342067621779904,-0.980691269404474,-0.085099239017012,-1.2699145024433,-0.513601136553461,-1.16182829399412,-1.2576003582648,-0.68922234708856,-0.617216377259012,-1.2700939809001,-0.345150536692046,-1.60057725380787,-0.59518480880439,-1.56158280903446,-0.600089604923255
-0.729629296266197,-0.890700761123355,-1.21909121011166,-0.512220250674346,-0.612757659765066,-0.267588008484438,0.163536235313842,0.52273529123724,-1.98694606681391,-1.32994854181922,-1.90366834568405,-0.149574710034329,-0.544632098146678,0.883458783034769,1.01845606516423
1.47510321145498,0.554312213353512,0.271589763285931,0.688132534098344,0.0495754267459176,0.970100688739848,0.846721204621218,0.265188303465266,0.0368644870210915,-0.0947753348706897,-0.449117148764969,0.241625464758869,-0.434093836561971,0.607988890769633,0.137581381291994
2.48705913677537,3.06478504545939,2.3008242229368,2.16127601945328,1.31196993975786,1.04322371890001,1.13138819852711,0.322530425789154,2.29316733458566,2.19450212145091,1.62190817281655,1.26467039776929,0.673836356581745,0.0144000186675441,-0.634167908247946
5.36278269270416,3.68271217016516,2.35910619864208,3.40666110296172,1.94278860756407,6.65582222697262,2.74114847444491,1.19594115384487,1.3843208300753,0.493972357950412,0.0117001243997379,0.0230980399566079,-0.686348653376939,-0.315739485848439,-1.44278146675336
1.48848002063033,2.37252474991845,1.97912003177589,1.98244018978895,2.22737105362128,-0.0607964733789288,0.601691101847791,1.20425018980481,1.14248810630434,1.68613760607417,1.55266701356862,1.31085480966922,1.46235888568148,0.304810649338293,0.573250355590716
-0.930701347632322,-1.43678926063106,-1.09244765753002,-0.86123193603413,-0.851315382475548,-0.46226088754841,-0.422884228055324,-0.87188843785313,-1.01971683563866,-0.66194284226259,-0.14988394758376,-0.150140598929369,-0.0779095098623088,-0.0568857714960984,-0.461682878501108
-0.0162696850704833,-1.00454620966838,-0.967734006679706,-0.607827290650107,-0.478302859581106,-0.54814187089039,0.546539184888076,1.04508339491434,-1.28242397740161,-1.46038515492856,-1.14051660834406,-1.22695175800527,-0.858352874908974,-0.0684594197269064,0.386333197482628
2.86543868725646,3.26318186953549,3.57849686438479,3.22325386412541,3.67770785750841,1.89034618838159,2.46231097960978,3.02705188976313,2.40533870290423,2.98723677934228,3.15585504253036,2.98303301573742,3.24477991228929,2.13337576323718,2.52561835970252
-1.53986302997448,-3.01804689903454,-2.26561901002117,-3.06583976000542,-2.23900337601128,-2.71294864263268,-2.92421087858943,-2.26389989237978,-2.4408504988412,-3.2964375743091,-2.55248053108832,-3.81749766164958,-3.01010255330348,-3.53300785332891,-2.94905405866209
-1.24114936903045,-0.167329167016021,-0.535825098930303,-0.000886008507137603,-0.721969467671869,0.536741179143064,0.312617082403733,-0.246850454172971,0.632864065089393,0.659363804556705,0.479169710967909,0.582971611976291,0.0906250626458984,0.720568257308969,0.299554696149528
-5.24771232774248,-5.53007311976151,-4.54296351030084,-4.60139294374099,-3.38389315072502,-3.49141535150756,-2.49188851379151,-1.55304438717187,-3.61445307217264,-3.5785387010622,-3.55497513104277,-2.28585971500004,-1.95516532228524,-0.28799183916064,0.0695755710180208
-1.20225934550115,-0.0820792357144455,0.817633767043077,-1.11762087323785,-0.202284199911105,-2.59397733749782,-2.0447525727993,-1.11827972410239,0.953278637984141,0.823613136516173,1.68652892111598,-0.0129928326902871,1.07341641826551,-1.05219306951241,0.212960958161631
-2.71077385186192,-2.88171278000596,-2.27220803597547,-3.14423152449962,-2.30787419017256,-2.86729144106098,-2.62763067676875,-1.50812646937678,-0.972224260185982,-1.85608655766612,-1.3644779995301,-2.52048159876077,-1.73716971826374,-2.1914813294205,-0.987059253912463
-0.794933211246132,-0.438929592520168,-0.251809781060302,-0.158911370977222,-0.026715201412884,-0.44628657124963,0.16756077707484,0.392901153236011,-0.753412487507177,-0.707468948993181,-1.05430764513179,-0.154261707359865,-0.357592866110764,0.740011880693771,0.581006883667072
-0.000139801892458991,0.0853617614340862,-0.0738699203641602,0.834549204913174,0.497853474455809,1.5451059942325,1.22729213465786,0.721311743087426,-0.916888125063622,0.177926381248312,-0.0638357910884224,1.40670146438802,0.899854841428436,1.74287618592527,1.04586709014336
-1.24375640136998,-1.26502548137771,-0.436003601990706,-1.49151565499182,-0.895045502848944,-0.969146721857271,-1.23506366705186,-1.06401613279593,-1.35423673651874,-1.64801977076232,-0.452639416732978,-1.61449148971818,-0.724032092131608,-1.29840408361596,-0.937226961105921
0.612000160630487,0.485423804882515,-0.30337130154274,0.605365251178796,0.196077458212244,1.26145143780204,1.22998611102395,1.11406997358145,0.73682332119472,0.419644215793596,-0.396536917751575,0.396189792523273,-0.0587408344123901,0.953551770969852,0.830861114184927
-0.173409508407843,-0.0379061034753363,0.816349750987769,-0.00783858917873204,0.404278024946251,-1.08181409406927,-0.878308321436577,-0.726744953413174,-0.519327983355339,0.163252310492084,0.944310512773285,0.286486643829988,0.616009425407441,-0.580267518363797,-0.542995771018269
-2.99709270270333,-1.70115983227018,-0.443138806917375,-2.69364698411289,-1.69646528173803,-4.10444177817317,-3.67782723763307,-3.29576978794614,0.122994352242046,-0.673350932133729,0.480818689048306,-1.65890785562976,-0.502774383670499,-2.766696403119,-2.09930290998963
-0.716978607453655,-0.0482199448967719,0.258434949549894,0.599134795373345,1.14966290807155,0.1364847923833,0.768118271646159,1.30321922838658,0.102558029012954,0.632813287646428,0.731624403120406,1.16541098281533,1.47148629269174,1.31052809995302,1.61822676929449
0.910888048842907,1.30178512779693,1.33790395289961,0.88013481567819,0.856120605169167,0.599630069903668,0.812652131079346,0.799902874081567,1.97277618918523,1.95801750216114,1.48252006530288,1.41744493622241,0.833109460145522,0.696367225180325,0.378709103967282
1.60538629333001,1.122000706574,0.563136128289841,1.93138935736107,1.83681536709798,0.956865395265481,2.64900520262194,2.82879111738637,0.957821660756792,1.08799801444485,0.787888943401356,1.50175184079163,1.4730133254682,1.78881762339884,1.80588441347462
1.75542201118733,1.15008124688819,-0.593430444578871,1.51419868274687,-0.193156105113673,2.34773835203077,0.734497931185075,-0.54412169181299,0.186532253204547,0.723583414658407,-0.577403448396723,0.498130333765147,-0.881507201736071,-0.45876655079698,-1.30179198246981
1.14493828663603,2.25304319170871,1.20300749508777,0.124551540759029,-0.645752610736764,-0.664578259827266,-1.90776778410304,-2.33532315235661,2.61215285613571,1.74924084118402,1.1987564344939,-0.143396531599166,-0.474836249451243,-1.748246768851,-2.0264409981433
2.39384284318723,0.365088180474856,-0.996233596119112,1.34226148871861,-0.504407899355925,4.83078395528759,3.4097426264332,1.3844433058014,-1.47805771269978,-1.30879947634557,-2.17538870694673,-0.00365744111454092,-1.3977719403517,2.22139070653347,0.587629185604357
0.260152819664455,0.150281261226439,0.674132111700146,0.503173337735376,0.942248639706349,0.176172636645532,0.680985855179671,0.964752873551646,-0.087826842832726,0.120072050623065,0.680410929062674,0.950786516061044,1.23323503838159,1.44117698192312,1.44087642483072
1.14269560317607,0.343512559356355,0.562544825171614,0.601962383957385,1.07042357148748,0.329339327536331,0.525997330787959,1.24615590480619,-0.826902507895312,-0.422703009275921,-0.342066420304775,-0.155203954461768,0.201353335932708,0.125088513631368,0.835405072026049
1.01768672340893,0.496905174539478,0.847597859667587,0.232940850219734,0.444010447245034,-0.646902811253966,-0.174513787699766,-0.0657014143981485,0.600494802421736,0.339487969045933,-0.0234526666862678,-0.0182698189577479,-0.420737806849161,-0.246257804170398,-0.499284803094184
-0.479378440907681,-0.680369345547774,0.88576979424289,-1.96625781739976,-0.2679979158072,-2.17190459527731,-2.13547555566669,-0.672301344627073,0.747632374525182,-1.04365285075559,0.11787566539769,-2.37275564592574,-1.08691769863913,-2.41391015616921,-1.50241679629926
2.53094735440979,1.10696052291354,0.83221948461113,1.24393073175668,1.42440939508003,0.800059717434209,0.959154401496505,1.42734684890047,0.034183820702367,0.305161826607076,0.340495620570209,-0.15556194745335,0.607365844389506,-0.638009909103317,0.496596459924064
2.28162343494006,3.16805862239366,2.27525027903883,3.00493320280654,1.83046574071707,1.80152289127224,1.52914672665202,0.513384400422751,2.18746603034708,2.52627114295325,2.23208149020965,2.13855803882512,1.65566085760358,0.834101028305469,0.490830285660422
0.199112341157871,0.0696843146826609,-0.379705442135219,0.663502422242857,0.112791460474682,0.531576049961842,0.684188320372215,0.585336600155557,-0.740129413744967,0.325361256649614,0.465269191595752,1.00989134444819,0.761143139215903,0.849876583710937,0.73005202458441
-0.873652864562729,-0.479939158124296,-1.80998803494677,-0.0560386817633116,-1.66938117085274,3.29811497021839,1.13545297638149,-0.814112739391589,0.825799998673006,0.229304632825631,-0.717372347135381,0.306098483053631,-0.786985088226601,0.789645218356696,-0.626826153953743
0.604131914516671,-0.237946357314144,0.0705340945166881,0.343808097688253,0.226829198888623,1.14654824861191,0.687793146950042,0.338168369682336,-1.62385725064195,-0.327071192503269,-0.330481154216727,0.782206014664666,0.434309943643342,1.38864798486858,0.902580764533667
-0.613179130164013,-2.65076602387791,-1.45089419565909,-2.6799627783596,-1.27550981913123,-3.14176954246699,-2.10884654354234,-0.803180043541175,-2.09367997639791,-3.0056028536751,-2.46883927083408,-3.47126663731922,-2.36880077618238,-2.93115330306651,-1.41287284425471
-1.40215230406295,0.637645374503023,-1.24321929591056,-0.156684027895892,-1.77071074026466,0.500134089755988,-0.650179740241867,-2.08095814300555,0.724303882389563,0.581704134558834,-1.18101478689206,0.370940996598165,-1.30829999583048,0.273997152845624,-1.30377017360431
-1.30298717923998,-0.718694480499579,-0.481727884253246,-0.253802914318726,-0.360223067986311,0.413309618074209,0.464338005895399,0.174874433852892,-1.07293962994748,-0.189260971715356,0.0641788469982316,0.590548581032834,0.586659454318266,1.35475054826134,1.24881548986306
-2.67169880370082,-0.575835780491957,-0.581463869423004,-2.56965761862253,-1.73084575928573,-3.74395652505075,-3.89318670905655,-2.71532750382775,1.03903320981703,-0.697384042268425,-0.363586902492614,-2.48365150972424,-1.33913272686041,-3.52247224848639,-2.34039420311743
-0.491625025842694,-0.0507819007289356,0.68891836480654,0.645568520569213,1.65309615852351,-0.741390255706648,1.0240849998188,2.04296080133906,0.615993153467628,0.702681264738828,1.46655132134649,1.07968144099129,1.86901014120514,1.40390179325024,2.08311076765037
0.325927515733127,0.731940149787505,0.200052934098153,0.7212091530576,0.151687345228055,0.848604829952166,0.315688311389948,-0.077110878087808,0.90144848309231,0.837749294224693,0.677442114252898,0.698387564221264,0.551005223373068,0.288205248585399,0.113441144964099
-0.254260734773453,-0.138276079376368,0.948002219278123,1.0671354521794,1.78648386379052,0.820051942179617,1.73534680718797,2.07945503220691,-1.59729435825545,0.11219493745844,1.33490741559353,1.89575758510773,2.52752490563967,2.61818746747025,2.82782576059114
-0.450455889405106,-1.41163009711988,-1.38990360027518,-1.12913153890241,-1.14805314362297,-1.49894192452888,-1.47351003849218,-1.48666349752756,-1.45169467786499,-0.856891297729732,-1.19346594258892,-0.644666250911826,-1.02456040800973,-0.692189690453688,-1.04161174645617
-3.55928955050882,-2.51410714809938,-2.14722357888061,-1.97941313508804,-1.75551729169331,-1.02453764402716,-1.1186980994311,-1.18868867138002,-0.84827666637122,-0.601296007383411,-0.658366932257337,-0.321782241748537,-0.696505410316348,-0.0645097014386522,-0.739110817658883
0.00940663398449715,-0.170020565686116,0.725394111917922,-0.359053588827464,0.181691226187809,-0.767463506783457,-0.139395661646773,-0.16726953162501,1.09617476765052,0.121710688020642,0.766297378122857,-0.416010509316834,-0.138744651064059,-0.536238572098114,-0.701062830460728
-0.279115194416931,-1.08396813993068,-0.489469504657166,-0.811221752478616,-0.172297710785386,-1.35241489443848,-0.0678199163748445,0.424790153379405,-1.44631161023483,-1.43242286832088,-1.17246983711067,-1.18270064999427,-1.10383562624261,-0.46984399130065,-0.581253895569915
-1.29319672695109,-0.372229005498156,-0.118809270327574,-1.14027318653544,-0.898400248550388,-1.46199414391782,-1.61540923749629,-1.03885701784066,-0.520680392867689,-0.906485482150799,-0.625308810600956,-1.12599836630375,-0.855713727244677,-1.40460050836606,-0.669397311213288
0.756873945558453,0.400528829120304,0.766354870267065,0.63612786022361,0.902582149715045,0.933983406935823,1.05489842668962,1.38657841917635,0.317923890809396,0.374058348958641,0.891026385222887,0.671298411458849,1.34750707307035,0.824370381230807,1.63334324327954
0.392299521536529,0.399232196402664,0.200180324894717,0.479999389601829,0.384234888981013,0.193346876342844,0.425388331056951,0.346366707374301,0.838469200056664,0.440927001766028,-0.316860414008943,0.297147986894004,-0.136330161494016,0.044433092882997,-0.233157291166748
-0.713098136235431,-0.993421845385541,-1.01708619136056,-0.664684785966756,-1.02890278137434,0.107440725675474,-0.130130107727354,-0.653301436850484,0.445073578886365,0.361931569893841,0.763415162219673,0.218151749968285,0.321117902391165,0.149434320449217,-0.0771198006115412
0.789836918713888,1.30290617569537,0.432965892217311,0.681046653448107,0.13947224926315,-0.458271818237677,-0.410932485587239,-0.223568990090001,0.481877429591663,0.645373833965778,-0.33579553595095,0.359249486940172,-0.0948656411977424,-0.40525457277468,-0.00361130120529651
-1.83120890077126,-0.810885523868592,-0.0287921695026796,-1.45455779424046,-0.434583069117622,-0.564195482603253,-1.28072998171319,-0.619004030422019,0.721644764240949,-0.557855105201412,0.208493172116391,-1.30863104815126,-0.413572405233396,-1.33852334941579,-0.71816104432969
2.95248903437775,1.14252455989779,0.467210594628199,0.974946683602866,0.638723534113069,0.160878178900759,0.5745676306733,0.605468942447573,-0.870948426200613,-1.0870182515572,-1.79487966974384,-1.55696747451537,-1.44838193327425,-1.62460377780539,-0.92468776490901
3.59512835004679,1.72881271600906,2.32197876732178,1.75678027425366,2.54574727352511,1.74054956148265,1.98198032878236,2.83652120913416,0.830866054358125,0.574492755546373,0.61373858072298,0.529234552151564,0.722906318207123,0.839534313584494,1.17356030259552
1.62234658239819,0.119731168949215,0.58999699202451,1.20502643312969,1.04768472524586,2.21181299872904,1.44915363493129,0.804868630369413,-1.09710942980732,-0.380249576370687,0.123228147842809,0.936475503600974,0.594548116001306,2.06845772686276,1.0907481237636
1.24761784521505,2.12540559397439,1.27883224678695,3.0918103025148,2.2923529293171,2.89722359477744,2.50608464604875,1.84828659322122,1.76067925587353,3.35364685931609,2.80447076699724,4.60987571927026,4.02463424588936,3.85140085364134,3.31456919592671
2.80322139848414,2.98144176365184,2.39994272830074,1.82571319102678,1.40848579434311,0.259498649625925,0.461496330317715,0.105231773153832,2.04208167903809,1.34966278796446,0.947204001832944,0.289637428079999,0.0476331996844408,-0.518144797702803,-0.832855416363032
-0.320224325258977,-0.274617291709149,-0.536164955453387,-0.590359052148074,-0.919975257356612,-0.23585787934033,-0.36081871559611,-0.642918903589418,-1.16699228463082,-0.62646621282471,-0.704558093332537,-0.652385410384369,-1.06429623933576,-0.540023373567664,-1.07776609172029
-0.486246385306856,0.525426942114677,0.426477194677602,-0.367172617547311,-0.395552125001984,-1.30662333988161,-1.07718309295652,-0.865285027793902,1.10124200986161,1.38075899235074,0.815761816697687,0.268399693884959,-0.0778222200492564,-0.997523044466647,-0.922244602391572
-3.08949968141354,-2.26091738274289,-2.42768060697384,-2.12681562775765,-2.41994867771726,-0.318644729207222,-1.42837645125536,-1.77104910417492,-0.988598239589123,-1.16495973998255,-1.64617001901652,-0.832060170270609,-1.48276432582264,-0.011621716696169,-0.580503630894015
1.86689268654823,2.30265903475055,0.94217004789283,2.13769027947561,0.467870216917618,1.55076534559049,1.26968516261107,-0.321236720374941,1.04846802707948,1.40627983627064,0.170102812004444,1.01199126256969,-0.373862754215139,0.358912939995321,-0.894502231253853
-2.17405771736884,-2.10317911614428,-1.27745963770386,-1.345623558829,-0.659053765418435,-0.980198476863762,-0.247660585360478,0.226028119701141,-0.793522380321036,-0.734071843029284,0.474473986401108,-0.256030591992442,0.709468087412006,0.120051084829242,0.843279212142079
-3.24827875202541,-3.27886310353944,-3.34854710961827,-4.17624475970908,-3.62745199357875,-3.30302847079139,-3.7232820908078,-3.14492609898093,-0.721017720322948,-2.4761274849223,-2.0642833793693,-3.6035629712168,-2.80779420394319,-3.32028793636741,-2.75088420764442
-3.26727044425067,-3.19999552093503,-2.84332037822494,-3.12326352877633,-2.54791626136495,-2.20038198770092,-2.96549099107585,-2.46395697935216,-3.27435413148044,-2.89489108717223,-2.06814519083861,-2.34465335374341,-1.39589702878311,-1.8503538660357,-1.22719850674417
0.497918835893529,0.162847713273692,0.41350829458591,0.223326512813941,0.429003270321573,-0.196884840828375,0.433087223241387,0.664103813374453,0.411415038145748,0.140837480477899,0.395710618928092,-0.0566152380216067,0.194682086584578,-0.127964175610316,0.184168294198514
1.74396867396939,2.09870892328519,1.21414377671621,2.02356936633612,0.953473418550971,2.50690945809615,1.48888639531327,0.340936137081997,1.34643129944831,1.54110904535301,0.373747517208983,1.5761057301662,0.213506087467664,1.47138774049918,0.122369019106117
1.53157333824342,1.33149318332173,1.93268907094702,1.55771446792136,2.26561161242677,0.897869490363263,1.28255788875299,2.10617481593727,0.172804125396794,1.06486367322202,1.83575475117425,1.33074966643576,2.21549845739574,1.1863060785538,2.12363849952544
1.91684558810482,0.351465092188249,0.693625650933171,1.1081785546989,0.81435284995726,2.07122128762259,2.03690174702629,1.33254280060871,-0.0501248145424711,-0.93052695382886,-0.263652900410648,-1.04367992292967,-1.06750198442063,-0.222389168745707,-0.726438002091811
1.78785221430931,1.03804393133217,0.295188191109872,0.60146353674088,-0.321238661568884,0.888927722239629,-0.301732210935143,-1.46357944492752,0.586702978999568,0.070103602964565,-0.715604545536394,-0.60985978793434,-1.40417213458574,-1.41647912518135,-2.37975379367981
-1.9583283403451,-1.45212150618502,-1.72102915921923,-1.09641033959483,-0.849080887222073,-1.90930465291115,-0.511399241671427,0.425783623582106,-1.65591388241458,-1.17440858494089,-0.918960939415456,-0.355587687527532,0.389367024004287,0.32257072217061,1.59185723492041
-0.213902608593202,0.44574907977929,0.0847461872320423,0.605971176478164,-0.0985178109283424,1.13935718356069,0.401474428726658,-0.204452192768599,0.292736292394693,1.0853688907614,0.563889655932627,1.71469577041643,0.745051057438047,1.82199475938452,1.09688039756989
1.37135770632432,1.08287385574499,1.37951651275895,1.29453568246473,1.84458063181933,0.685829503808719,1.21718396217315,1.78498095597104,1.73103079542938,1.36893701592894,1.70559287875327,0.852768933760274,1.59076746365312,0.0426398709648765,0.809578939565739
1.41821808075235,1.36291628506953,0.464944946081488,1.62222399271474,0.679553204370762,2.34908682911171,1.67678102846057,0.861228002972496,0.807041062366693,0.955294358086377,0.351872699687078,1.16671158356877,0.247870923834199,1.70290002890326,0.623909891528712
-0.604522683738367,0.23824640301288,0.502602829862582,-0.3866553022944,-0.243311462181595,-0.345955045943157,-0.487185005160825,-0.776813666644614,-0.164757903718936,0.161333093400685,-0.0843406117950281,0.417129313503693,0.49009382713254,0.517931870667582,0.660860606083901
1.14180080463458,-0.0528401663291902,0.610008676655241,0.59524036475861,1.39559413211069,-0.0147082988535487,1.47149982215683,2.38648773019105,-0.656117691905678,-0.721376717589436,0.239768962335489,0.0126642888280344,0.902980242341101,0.875338681466928,1.65770395871459
-5.83718660577486,-5.07244440499682,-3.570642487779,-5.03739315663969,-3.23260086822404,-4.80103393217811,-3.77477281437015,-2.17905274804488,-3.55735825588363,-3.97809646578276,-3.03217849965657,-3.2336063055761,-1.93516224675435,-1.75132029744952,-0.413014898285098
0.853965511583255,1.25781406437198,2.55318700511711,2.02714278379042,3.36736954801236,0.981837256306989,2.53196442314294,3.83316881834395,0.446866707430218,1.59229339688613,2.63655043885024,2.60024999266997,3.62181630672441,2.8539242726433,3.81822437011991
-1.97530955139391,-0.185826934936841,-0.88177878834216,0.216795138628811,-0.0797396828510557,-0.400351469966495,0.654680594463258,0.482561887873118,2.10182068376082,2.26255568156165,1.6829073176163,2.2957345269931,2.15698083444019,1.92599297405812,1.92034833635293
0.913834528033988,1.96355397521307,3.14028051685656,1.33905965385051,2.44445897191062,-1.41816437350178,-0.753210479898684,0.353215286923188,1.48165445395088,2.50429159320609,3.05833330159803,1.86724895902296,2.55280760720035,-0.534091514846182,0.356116724854132
-1.42086687499338,-0.455390662656953,-0.674162143855142,-1.62990674527387,-1.81928169742054,-2.73003865869157,-2.61217246467689,-2.90630661065342,1.28564674639699,-0.104371576422977,-1.16830513077912,-1.78396030838809,-2.67889598938964,-2.89358347215992,-3.63150881247029
-0.918368531479445,-2.30216629840587,-2.61630140339341,-1.14223839605697,-1.42831856246133,0.0177530618131811,0.187382617259118,-0.18504066063872,-2.53594645706437,-2.11376479801211,-2.43598750228659,-0.84832878014106,-1.06055055173692,0.510909663343256,0.26926425787201
0.929017733626011,0.276164783702683,-0.544618044424197,0.227267031802228,-0.719151641578605,-0.158181330814188,-0.371073743039773,-0.957450167201046,-1.24581915142454,-1.09403392913151,-1.88712768853949,-0.995403244636606,-1.76329375220325,-1.4171039308045,-1.83049883526471
-1.3732433112402,-0.204893054215091,-0.728062651366031,-1.64582963010815,-2.36785802867249,-0.800207379228254,-2.20910604768451,-2.82700384559288,1.67289091783309,-0.0316531574999317,-0.825012093565903,-1.1198031546754,-2.00895878853393,-1.48064323257114,-2.25027138650643
0.219734481600483,-0.503935665308859,-0.588903005003232,-1.13909953097576,-1.12843007655667,-1.32185514086891,-0.698494288019589,-0.358128388159031,-0.166761130803565,-1.22177621327202,-1.19746983496637,-1.85014039131869,-1.8183784254154,-1.51624283798589,-1.38505974665358
4.26374191548902,1.64632585821278,0.511201671745084,1.49491334376219,0.44097825172156,4.20995416310345,1.28113054144541,0.198229883506343,0.210916976202355,-0.710832618947904,-1.25155333018475,-1.90936461695941,-2.65711128388699,-1.92153254735203,-2.85142947431524
1.30095479673997,-0.406758545494057,-0.903943647880709,-0.0896648890893914,-1.17995368562131,1.87214994630506,-0.29231644069904,-1.68775738415971,-1.3677041360063,-0.698598312359223,-1.0562843954778,-0.622780598233248,-1.71032608282431,-0.374302415509419,-1.98958899481951
0.139160481919333,0.134183368343315,1.4665499457372,0.20573240772049,1.2883790380244,1.59677587070857,0.607287708980721,0.851440731462986,0.0178508918360762,0.0244817496157737,1.65199217112919,0.384255068101567,1.32051039794732,0.648425711030626,0.619376776219269
1.86602212562474,0.687606498253672,0.185279868087122,1.5584470512008,0.0999954832488186,2.5950118074293,1.62097080931466,0.270977771771015,-1.35147500923247,-0.415682295515722,-0.548374745055753,0.594311194727538,-0.311323528586797,1.24058237750759,0.366502741047327
-0.855756639245158,-0.605936005500496,0.71935198222468,-1.41382625823906,0.0494457311562826,-2.95372669463836,-2.44780463843318,-0.996533625052365,0.739636383221097,0.096477032359104,0.873194921808192,-1.34549226075939,-0.504286911628782,-2.65015385134973,-1.79496655517659
-0.547407980674052,1.03578101231281,1.30050615118148,-0.50251659752081,0.538678743741542,-1.98042543261647,-1.46753003520769,-0.145649963561027,1.68176939545256,1.36719896071546,1.43598688561343,0.269613160283541,1.16958835747289,-0.511761598632773,0.657043154433296
1.30247746331148,1.04512934786987,1.0139190665044,2.23544261804091,2.32735191432812,0.726414432263624,2.50897733074919,2.99401736755078,-0.465639703142045,0.704976278167095,0.817436165373408,2.012117035839,2.17759167034541,2.29487193743213,2.8776443598633
-0.48873971427733,0.390076727677837,0.283964950445892,0.807238034449398,0.722763054551905,1.22220892982199,1.00170548960281,0.633238711966641,1.37277597630538,1.7536259275341,1.8159534994725,1.5806181179361,1.45515014571424,1.23138600289084,0.797398126791961
0.533982786467504,0.771177756915989,0.112935024741915,0.723501631819289,0.204212554525782,0.272651723133322,0.789510852158088,0.602187150306577,-0.193207903768723,0.464093920146496,0.420514920500466,1.12974124790568,1.1287724381547,1.52238509030667,1.51133643344772
-3.2490426388477,-1.51504298920932,-1.97618456181513,-1.70186119932825,-2.18955306022943,-0.744628366905687,-1.76279177957014,-2.95113098554256,0.558148404402914,0.54145152095461,-0.431587398440939,0.130349065101967,-0.511409669400507,-0.00290763054564991,-0.848943193721027
0.67857146620733,-0.187941381214131,-0.507197808534784,1.34240330585951,1.35428686793995,0.61916576826215,2.0867905740491,2.64923163514302,-0.918137052989721,0.323050628341974,-0.0195223420269031,1.53415468839293,1.61010218554455,1.57758295864585,2.35936471396835
-1.60988546099529,0.530043415458294,2.07299114633889,-0.194843783583991,1.13178522372672,-2.23831641417348,-0.508103697746662,0.384728442500148,2.94434071061912,1.85875722630814,2.924329233815,0.825714202460915,2.00058119190061,0.335083943400463,1.36636396953614
1.40779263758006,0.9600292283491,0.764912193034519,0.597311725166151,0.594974083808097,-0.00374634394165696,0.164135941238442,0.295513094374343,-0.0692955429425126,-0.475392065640733,-0.624345331512927,-0.712318069946235,-0.595536109574283,-1.11944340470151,-0.892972060346011
-0.657485720083145,-1.6271466535857,-1.59123396634206,-1.46482781603052,-1.26429073731219,-1.33469480342126,-0.733206454703065,0.0647562844047229,-1.70131424969489,-2.01282417678735,-1.34701930954321,-1.51581507190556,-0.629276755120742,-0.720653472368042,0.47469042144067
-1.51537741037845,0.0200449128452078,0.258247121032525,-0.107192995779911,0.120759314790007,0.0967003037285679,-0.123234797055659,-0.042314233428101,-0.323799875445388,0.215979988745289,0.814164082198118,1.1290647000001,1.33994893508861,1.5175142238451,1.43408624802368
1.94952569223244,0.0674410706524213,-0.289911139854269,0.416125582840209,0.397056423880429,1.16200334652481,1.26184967242975,1.32947305261791,-1.79492374373905,-2.28243477120344,-2.55016581840829,-1.91922093782023,-1.82639953517366,-0.635065198834525,-0.637319153313143
-1.07518358218209,-0.742987082178303,-1.77281179048825,-0.806805441302714,-1.67375594363088,-0.0172108182003967,-0.632689946646224,-1.23162804954987,-0.813980695419588,-1.17618398752185,-2.46132811246352,-1.1728587177611,-2.27364073677194,-0.699376684017892,-1.30944793844338
0.299947039858807,-0.244424368307392,-0.414100357863759,-0.41597561888824,-0.455550589130979,0.353144918797454,0.303906448519342,0.195141680334132,0.446640699773411,-0.383333992190046,-0.168256389876973,-0.63569592350612,-0.651069437309758,0.0932601512123767,-0.317032764311165
-1.79403295863432,-1.34404014933233,-1.44595463542169,-1.36516956477783,-1.79277489051168,-1.55329887431233,-1.39279562845499,-1.94849250154431,-0.281150168618723,-0.106526405318789,-0.418296178957547,0.131904214462054,-0.49252610745134,-0.0577808945068625,-0.625604630693914
1.61488783457881,0.0158905439651278,0.249963275278077,2.01471102399501,1.40249343922778,4.37593391466595,3.3914724413641,1.98665829944198,-0.815942268669858,0.393990537744457,0.986187399177936,1.76837398067011,1.74981616470109,2.77595425570053,2.02650714550501
0.890141645850036,0.856944142248125,-0.0428625297497547,1.00336567858594,-0.388423944185149,1.89352892348506,0.995647888882814,-0.639134347114663,0.805040708521716,1.12744248086094,0.180560568387762,1.23993954478456,0.124741785322215,1.19822884108649,0.20831600282574
-0.532891876800306,-0.384258259918425,-0.745613905575937,-0.770089964177799,-0.727706106273104,-0.623726811208257,-1.16926773809664,-0.710136076251388,-1.13110902526012,-1.24695148853488,-1.3341108002964,-1.49482519705438,-1.06115301542147,-2.19776436966663,-1.2099851975066
2.18789013274625,0.769604214455683,0.0443976546554268,1.09046468075977,0.689858616376881,0.492595604653673,0.608160096305056,0.761166399868586,-0.28006015816689,-0.0135029436965226,-0.719704548416843,-0.112770305907702,-0.285003732569606,-0.246513889895226,0.233394203308933
0.535205199780989,2.67776361080371,1.91758924779663,1.40928450416791,0.937795258817459,0.667693349163926,0.0952199704455268,-0.166102780587607,3.12338382681753,3.38153070684425,2.67897109830687,2.14525296348864,1.59985439147459,0.272688891897019,-0.225675340332515
0.268767178286538,-0.0250405960960904,0.15377473930829,0.375495496468005,0.138613706664046,0.217105414582676,-0.0916191835359825,-0.472429169531807,-0.814658628196042,-0.268025325763574,-0.325782691010858,0.377512465598244,-0.0831253703914285,0.295800888149074,-0.368684865896881
0.558215195869764,-0.360235183327717,0.226165490968356,-0.596608381274621,0.604490832747643,-1.75100763149592,-0.462680927061086,1.17757341145702,-0.873968652577901,-1.33102309939571,-1.20702177581182,-1.58002739262668,-1.05789856048963,-1.06721287457043,-0.335634997328668
-3.05020085586085,-0.927121308594309,0.227090251179732,-2.37651701126012,-1.59761740565347,-2.29324220049111,-2.70233532490866,-2.51821047996265,2.27156513088616,0.542571419591241,1.1527269932551,-1.07578426397484,-1.13338417039628,-1.47370102573774,-2.05912093233215
0.0307112417187625,-0.833307224462999,0.414777507884111,-0.152488821461418,1.0214316505315,-0.796973244775671,0.170289514037677,1.14185138552193,-1.13349194992597,-0.511774358272703,0.878506199728093,0.143412861990271,1.54400428262664,0.250245040697621,1.36811936320427
